-- Estrutura: nome,email,data_nascimento,idade,id
Kieth Clark,Kieth_Clark2321@zorer.org,2000-05-12 18:26:30,41,1
Andrea Bailey,Andrea_Bailey3082@corti.com,1887-06-15 03:10:50,29,2
Bernadette Lee,Bernadette_Lee4410@hourpy.biz,1843-09-27 07:22:03,56,3
Anthony Leigh,Anthony_Leigh1917@eirey.tech,1955-09-27 20:28:30,61,4
Chad Pierce,Chad_Pierce480@eirey.tech,2002-11-20 22:15:09,37,5
Hank Phillips,Hank_Phillips6190@eirey.tech,1928-12-21 08:21:24,79,6
Luke Martin,Luke_Martin468@muall.tech,1887-09-24 01:31:03,84,7
Ron Lewin,Ron_Lewin3299@deons.tech,1831-04-07 00:34:11,92,8
Deborah Everett,Deborah_Everett8241@nimogy.biz,1908-02-20 14:53:55,75,9
Clint Lloyd,Clint_Lloyd7713@ovock.tech,1948-10-17 01:01:22,92,10
Russel Gilbert,Russel_Gilbert3516@sheye.org,1842-12-18 12:58:31,33,11
Lily Redwood,Lily_Redwood4998@vetan.org,1927-06-26 04:33:21,36,12
Rylee Price,Rylee_Price3667@corti.com,2009-11-26 13:52:22,53,13
Elle Bennett,Elle_Bennett2912@dionrab.com,1955-04-12 19:51:02,64,14
Owen Gavin,Owen_Gavin7497@nanoff.biz,1932-10-22 08:33:09,51,15
Aiden Wilde,Aiden_Wilde1678@gembat.biz,1958-12-12 20:48:50,86,16
Selena Baker,Selena_Baker996@tonsy.org,1931-09-13 12:51:25,95,17
Anais Freeburn,Anais_Freeburn7990@bretoux.com,1830-07-31 17:49:11,93,18
Ember Garcia,Ember_Garcia9747@extex.org,1920-01-25 07:02:04,48,19
Sabrina Cooper,Sabrina_Cooper2163@famism.biz,1872-06-12 00:16:32,67,20
Chris Tailor,Chris_Tailor2181@brety.org,1844-11-03 22:50:50,30,21
Angelique Fleming,Angelique_Fleming9375@liret.org,1917-12-17 21:37:06,75,22
Caleb Fox,Caleb_Fox656@atink.com,1949-01-27 07:17:43,22,23
Rufus Coates,Rufus_Coates5941@bungar.biz,1841-03-09 20:30:14,89,24
Victoria Shaw,Victoria_Shaw9253@kideod.biz,1971-06-01 09:04:57,64,25
Lucas Khan,Lucas_Khan8513@gmail.com,1915-06-11 16:04:04,25,26
Julius Carpenter,Julius_Carpenter8005@atink.com,1901-11-23 17:01:00,29,27
Luke Evans,Luke_Evans2369@tonsy.org,1978-06-20 07:50:35,49,28
Elisabeth Phillips,Elisabeth_Phillips1778@deavo.com,1940-07-05 07:25:13,54,29
Harvey Kaur,Harvey_Kaur1509@dionrab.com,1987-01-12 07:22:45,22,30
Mina Lindsay,Mina_Lindsay8429@infotech44.tech,2006-07-17 00:54:39,65,31
Denis Ellison,Denis_Ellison6912@qater.org,1932-07-01 08:55:05,62,32
Bryon Graham,Bryon_Graham5642@brety.org,1977-11-12 22:14:10,46,33
Maggie Niles,Maggie_Niles5573@supunk.biz,1991-09-25 04:28:12,82,34
Lucas Gunn,Lucas_Gunn6510@ubusive.com,1932-03-16 08:43:17,59,35
Tania Nanton,Tania_Nanton2310@extex.org,1952-05-30 13:29:06,32,36
Courtney Oakley,Courtney_Oakley3172@sveldo.biz,1852-08-25 17:53:17,99,37
Hannah Reese,Hannah_Reese3060@infotech44.tech,1952-08-23 13:08:14,32,38
Megan Tait,Megan_Tait6691@zorer.org,1834-04-03 15:50:33,78,39
Johnathan Mcgregor,Johnathan_Mcgregor339@hourpy.biz,1980-09-26 14:26:31,31,40
Isabel Wills,Isabel_Wills2967@twace.org,1937-11-17 15:58:15,44,41
Tyson Ebden,Tyson_Ebden9356@brety.org,1963-06-27 19:05:25,21,42
Noah Henderson,Noah_Henderson5649@deavo.com,1955-07-11 11:41:28,31,43
Sage Gosling,Sage_Gosling846@gmail.com,2019-12-26 18:38:31,41,44
Johnathan Walker,Johnathan_Walker2562@muall.tech,1991-11-15 10:25:17,27,45
Benny Harris,Benny_Harris4852@nickia.com,1998-03-01 02:51:34,55,46
Stella Moreno,Stella_Moreno1016@bretoux.com,2013-01-14 18:09:33,78,47
Hank Cameron,Hank_Cameron1458@iatim.tech,1979-04-12 07:04:54,88,48
Roger Bentley,Roger_Bentley3627@tonsy.org,1910-02-18 02:07:24,57,49
Daniel Michael,Daniel_Michael811@liret.org,1909-06-14 04:28:55,73,50
Parker Jones,Parker_Jones5524@tonsy.org,1975-11-10 00:50:49,90,51
William Wilkinson,William_Wilkinson7187@liret.org,2018-03-04 12:08:53,88,52
Ron Dale,Ron_Dale733@qater.org,1821-04-11 02:27:54,33,53
Judith Herbert,Judith_Herbert2403@typill.biz,2009-06-10 04:50:10,52,54
Harmony Cann,Harmony_Cann5307@bungar.biz,1991-06-10 22:20:50,36,55
William Bailey,William_Bailey864@hourpy.biz,1896-03-12 12:47:41,33,56
Luna Walker,Luna_Walker6526@jiman.org,1965-04-16 20:42:53,41,57
Winnie Williams,Winnie_Williams4828@elnee.tech,1937-08-08 08:13:08,99,58
Enoch Uttridge,Enoch_Uttridge6943@bretoux.com,1935-08-16 05:02:23,53,59
Francesca Burge,Francesca_Burge9811@sheye.org,1999-09-19 07:37:15,34,60
Maia Hogg,Maia_Hogg5702@kideod.biz,1854-05-03 01:05:39,38,61
Emery Snell,Emery_Snell7017@atink.com,1997-07-12 21:14:20,74,62
Hayden Hunt,Hayden_Hunt4806@zorer.org,1893-10-13 12:58:42,61,63
Joseph Bishop,Joseph_Bishop9531@famism.biz,1980-08-31 07:02:14,29,64
Daphne Franks,Daphne_Franks1530@elnee.tech,1842-04-17 17:26:49,90,65
Aurelia Cattell,Aurelia_Cattell5719@brety.org,1837-11-22 21:56:41,25,66
Gil Franks,Gil_Franks1369@extex.org,1868-06-22 07:41:38,46,67
Isabella Robe,Isabella_Robe2007@nanoff.biz,1880-10-30 11:09:02,80,68
Percy Lynch,Percy_Lynch8405@grannar.com,1856-09-24 10:22:12,96,69
Sylvia Keys,Sylvia_Keys1554@womeona.net,1910-08-08 18:14:09,34,70
Gil Baxter,Gil_Baxter4945@ubusive.com,1839-06-17 01:05:23,53,71
Enoch Tutton,Enoch_Tutton9456@corti.com,1918-07-05 20:31:34,84,72
Anthony Reading,Anthony_Reading6941@irrepsy.com,1856-04-30 12:49:39,77,73
Lexi Roberts,Lexi_Roberts8472@extex.org,1927-07-06 07:39:30,55,74
Melody Collins,Melody_Collins7889@acrit.org,1840-06-23 10:23:39,21,75
Sebastian Atkinson,Sebastian_Atkinson3599@joiniaa.com,1981-02-14 13:05:01,29,76
Alan Hammond,Alan_Hammond6723@bulaffy.com,1892-10-10 17:03:56,95,77
Sebastian Chadwick,Sebastian_Chadwick1244@deavo.com,1902-08-09 22:40:19,48,78
Tony Smith,Tony_Smith6211@tonsy.org,1874-11-07 13:37:25,33,79
Wade Lakey,Wade_Lakey3706@guentu.biz,1992-09-08 21:18:51,99,80
Domenic Weatcroft,Domenic_Weatcroft7261@zorer.org,1880-04-21 05:31:38,18,81
Piper Gunn,Piper_Gunn6513@elnee.tech,1905-07-10 01:47:29,70,82
Elena Collins,Elena_Collins7596@fuliss.net,2009-07-28 13:38:13,87,83
Owen Kidd,Owen_Kidd3431@famism.biz,1886-01-11 15:26:43,90,84
Bart Mcgee,Bart_Mcgee4254@acrit.org,1827-05-15 10:58:55,56,85
Sofie Ring,Sofie_Ring2357@gembat.biz,1856-11-03 17:40:42,94,86
Keira Holt,Keira_Holt8088@womeona.net,1857-07-22 02:24:35,25,87
Danielle Power,Danielle_Power6106@mafthy.com,1966-08-06 03:12:23,97,88
Rick Vallory,Rick_Vallory7557@famism.biz,1886-03-11 18:33:07,88,89
Julia Maxwell,Julia_Maxwell8149@tonsy.org,1915-07-12 17:10:52,31,90
Angelique Martin,Angelique_Martin8490@brety.org,1854-11-22 01:12:37,57,91
Michael Palmer,Michael_Palmer7518@kideod.biz,1836-08-30 19:32:44,35,92
Caleb Nanton,Caleb_Nanton7389@womeona.net,1967-04-29 20:14:25,27,93
Wendy Hamilton,Wendy_Hamilton2339@yahoo.com,1908-12-01 05:50:01,89,94
Oliver Wooldridge,Oliver_Wooldridge6431@qater.org,1825-11-05 16:57:21,26,95
Hank Drew,Hank_Drew6787@typill.biz,1903-02-09 17:38:19,18,96
Susan Neville,Susan_Neville5267@corti.com,1826-08-23 05:02:42,18,97
Janelle Norburn,Janelle_Norburn8807@ovock.tech,1971-08-01 13:38:52,58,98
Jade Boyle,Jade_Boyle3214@cispeto.com,1980-07-23 13:38:25,68,99
Christy Leigh,Christy_Leigh206@vetan.org,1903-04-16 18:23:08,84,100
Mason Edler,Mason_Edler3672@eirey.tech,1939-12-22 15:31:42,22,101
David Osman,David_Osman8273@extex.org,1889-08-17 22:27:01,74,102
Madelyn Scott,Madelyn_Scott1003@bretoux.com,1874-01-29 11:30:16,62,103
Laila Ingham,Laila_Ingham818@nimogy.biz,1889-10-03 15:29:04,92,104
Bart Dixon,Bart_Dixon3753@naiker.biz,1937-11-16 19:41:02,39,105
Erin Martin,Erin_Martin4552@acrit.org,1866-01-12 01:08:03,98,106
Cherish Oldfield,Cherish_Oldfield1747@sveldo.biz,1946-09-21 13:39:08,70,107
Alessia Addley,Alessia_Addley1083@grannar.com,1902-05-23 15:14:17,77,108
Stephanie John,Stephanie_John187@deons.tech,1938-11-23 18:02:42,56,109
Caleb Darcy,Caleb_Darcy856@naiker.biz,2019-01-15 18:44:15,31,110
Javier Andrews,Javier_Andrews3986@mafthy.com,1820-06-30 21:16:53,95,111
Eve Hunt,Eve_Hunt3315@grannar.com,1889-04-16 15:13:04,60,112
Benny Morgan,Benny_Morgan6720@ubusive.com,1849-10-08 00:18:18,63,113
Noah Willis,Noah_Willis1349@bauros.biz,1875-02-07 04:04:25,25,114
Caleb Briggs,Caleb_Briggs7746@guentu.biz,1920-08-27 15:07:31,54,115
Scarlett Paterson,Scarlett_Paterson7443@ubusive.com,1904-09-02 04:52:03,54,116
Goldie Bishop,Goldie_Bishop3453@ubusive.com,1955-02-24 18:42:34,40,117
Trisha Salt,Trisha_Salt9928@zorer.org,1880-09-20 09:10:46,86,118
Kirsten Gonzales,Kirsten_Gonzales8700@eirey.tech,1834-02-08 05:14:46,44,119
Dani Baker,Dani_Baker9904@deons.tech,1822-10-29 13:46:26,35,120
Anthony Norburn,Anthony_Norburn2640@bretoux.com,1964-01-26 17:39:51,21,121
Bart Farrow,Bart_Farrow2254@infotech44.tech,1843-11-11 19:05:06,39,122
Ruth Preston,Ruth_Preston2695@gembat.biz,1986-04-16 13:48:53,88,123
Miriam Eddison,Miriam_Eddison5701@atink.com,1923-04-09 08:30:33,60,124
Benny Mcgregor,Benny_Mcgregor7586@ubusive.com,1822-10-05 04:46:01,97,125
Audrey Shields,Audrey_Shields1878@sheye.org,1842-06-06 00:15:02,57,126
Jolene Rehman,Jolene_Rehman84@bretoux.com,1895-02-16 07:31:04,55,127
Nate Eaton,Nate_Eaton5831@bungar.biz,1995-10-02 04:09:56,34,128
Eve Ellis,Eve_Ellis9266@deavo.com,1872-03-30 21:31:46,21,129
Dasha Ellison,Dasha_Ellison831@supunk.biz,1898-06-17 18:21:26,95,130
Caitlyn Vernon,Caitlyn_Vernon5697@gembat.biz,1982-07-11 21:06:14,91,131
Liam Richardson,Liam_Richardson8416@qater.org,1887-04-16 03:49:17,21,132
Samara Bowen,Samara_Bowen356@infotech44.tech,1955-07-29 20:26:11,62,133
Denis Graham,Denis_Graham28@cispeto.com,2016-01-11 01:13:42,91,134
Rosa Whittle,Rosa_Whittle8954@twace.org,1939-07-05 17:36:13,22,135
Melania Power,Melania_Power4141@cispeto.com,2001-10-16 20:39:34,61,136
Michelle Jefferson,Michelle_Jefferson7033@typill.biz,1831-11-29 04:18:19,89,137
Daniel Herbert,Daniel_Herbert4056@brety.org,1941-08-31 11:50:53,49,138
ara Craig,ara_Craig1384@twipet.com,1849-04-15 18:17:29,67,139
Phoebe Sherry,Phoebe_Sherry1859@infotech44.tech,1982-02-20 21:34:04,24,140
Allison Lewis,Allison_Lewis3689@typill.biz,1887-02-06 18:38:40,92,141
Tyler Hall,Tyler_Hall2083@iatim.tech,1955-05-27 06:45:24,72,142
Leslie Samuel,Leslie_Samuel7202@naiker.biz,1988-10-25 06:55:25,93,143
Daniel Forester,Daniel_Forester8201@infotech44.tech,1905-10-18 22:49:19,96,144
Tony Baker,Tony_Baker5895@tonsy.org,1823-10-04 14:24:32,41,145
Bridget Furnell,Bridget_Furnell4174@typill.biz,1927-03-04 15:33:33,97,146
Liam Jennson,Liam_Jennson7599@gembat.biz,1919-03-23 06:56:14,35,147
Alice Wills,Alice_Wills4442@ubusive.com,1847-12-17 06:13:30,81,148
Violet Evans,Violet_Evans1507@joiniaa.com,1929-07-15 17:20:00,53,149
Lara Ainsworth,Lara_Ainsworth3691@bulaffy.com,1911-04-25 21:49:22,75,150
Caydence Lowe,Caydence_Lowe3420@gompie.com,1832-04-21 16:43:04,72,151
Hazel Richardson,Hazel_Richardson7922@bauros.biz,1857-02-17 11:03:20,72,152
Iris Emmett,Iris_Emmett8159@elnee.tech,1886-06-05 04:04:31,90,153
Ivette Hobson,Ivette_Hobson8179@famism.biz,1928-09-28 15:02:33,46,154
Ronald Marshall,Ronald_Marshall3419@nanoff.biz,1889-04-03 07:28:36,78,155
Marigold Giles,Marigold_Giles7057@ovock.tech,1979-03-19 16:21:53,38,156
Mary Watson,Mary_Watson1957@kideod.biz,1984-10-22 13:13:43,35,157
Ivette Edwards,Ivette_Edwards30@hourpy.biz,1969-11-23 15:35:37,25,158
Olivia Yang,Olivia_Yang7966@bulaffy.com,1892-05-22 21:08:51,38,159
Anais Johnson,Anais_Johnson3303@irrepsy.com,1863-08-10 18:04:52,46,160
Barney Roscoe,Barney_Roscoe4093@liret.org,1927-12-13 08:29:51,34,161
Carl Clifton,Carl_Clifton8144@eirey.tech,1852-03-27 04:23:16,25,162
Jack Fields,Jack_Fields4868@supunk.biz,1854-12-11 06:09:31,67,163
Logan Sherwood,Logan_Sherwood2888@ubusive.com,2001-01-14 22:02:33,48,164
Chad Wilson,Chad_Wilson6672@twace.org,1959-06-10 13:19:04,44,165
Domenic Ellis,Domenic_Ellis7967@irrepsy.com,1887-07-31 16:14:00,23,166
Barry Morrison,Barry_Morrison2726@eirey.tech,1928-05-16 09:25:28,46,167
Lucy Lambert,Lucy_Lambert9093@sveldo.biz,1908-03-27 03:41:21,75,168
Doug Nicolas,Doug_Nicolas2083@gompie.com,1929-05-11 18:54:48,99,169
Jules Upton,Jules_Upton5005@twace.org,1975-05-15 11:58:24,66,170
Ethan Walton,Ethan_Walton7412@twace.org,2002-12-30 12:52:40,20,171
William Sheldon,William_Sheldon3193@corti.com,1877-05-06 03:44:41,76,172
Chris Cowan,Chris_Cowan5016@nanoff.biz,1909-03-08 02:20:46,44,173
Gwen Nanton,Gwen_Nanton7736@joiniaa.com,1899-03-29 02:19:04,71,174
Celia Ventura,Celia_Ventura7917@typill.biz,1849-02-25 19:41:00,87,175
Sara Whittle,Sara_Whittle6946@qater.org,1980-05-08 12:19:33,74,176
Dorothy Campbell,Dorothy_Campbell3646@dionrab.com,2019-03-01 17:06:53,26,177
Harvey Stevens,Harvey_Stevens524@brety.org,1985-11-17 06:48:40,20,178
Jasmine Yoman,Jasmine_Yoman9393@nimogy.biz,1868-01-17 20:35:54,67,179
Bryce Holmes,Bryce_Holmes3744@qater.org,1976-05-23 18:50:42,85,180
Boris Clark,Boris_Clark9070@nimogy.biz,1984-10-25 00:13:57,19,181
Madison Weston,Madison_Weston5468@sveldo.biz,1904-07-12 20:09:39,86,182
Marvin Poulton,Marvin_Poulton3013@jiman.org,1895-03-15 01:18:12,95,183
Taylor Dowson,Taylor_Dowson8562@iatim.tech,1991-07-18 13:25:15,89,184
Phillip Fleming,Phillip_Fleming9124@dionrab.com,1837-08-22 03:12:16,52,185
Phillip Hall,Phillip_Hall8918@brety.org,1872-07-02 12:29:37,43,186
Samantha Wade,Samantha_Wade281@fuliss.net,1846-08-31 14:47:54,38,187
Chad Umney,Chad_Umney7951@iatim.tech,1910-03-14 11:15:13,32,188
Alexander Nurton,Alexander_Nurton7901@yahoo.com,1892-04-02 04:12:07,47,189
Charlotte Ellis,Charlotte_Ellis9499@sveldo.biz,1917-07-15 14:35:53,95,190
Ada Whittle,Ada_Whittle283@mafthy.com,1912-10-05 17:23:15,40,191
Jayden Hale,Jayden_Hale4558@dionrab.com,2006-06-21 15:13:58,70,192
Leanne Wilde,Leanne_Wilde5651@ovock.tech,1966-09-21 15:56:40,29,193
Emma Jones,Emma_Jones2855@bauros.biz,2001-12-16 12:00:11,65,194
Harvey Strong,Harvey_Strong8629@vetan.org,1822-11-11 19:19:52,32,195
Lucas Fisher,Lucas_Fisher2636@yahoo.com,2018-11-14 15:42:04,88,196
Kurt Graham,Kurt_Graham1257@kideod.biz,1984-01-27 21:58:41,30,197
Carmella Yarlett,Carmella_Yarlett4153@yahoo.com,1840-08-14 11:47:55,94,198
Nicholas Latham,Nicholas_Latham5184@ubusive.com,1903-06-24 07:05:15,79,199
Rosa Kelly,Rosa_Kelly3354@sheye.org,1982-10-17 02:47:24,83,200
Denis Fleming,Denis_Fleming7259@naiker.biz,1848-06-18 08:11:13,93,201
Liam Gonzales,Liam_Gonzales1487@ovock.tech,1918-09-06 16:10:46,21,202
Rocco Harris,Rocco_Harris9576@bungar.biz,1929-04-21 16:41:38,36,203
Johnathan James,Johnathan_James1448@qater.org,1832-12-02 15:20:42,33,204
Sage Kerr,Sage_Kerr3385@jiman.org,1893-08-15 01:46:22,40,205
Carter Utterson,Carter_Utterson3661@bretoux.com,1871-12-14 02:39:47,38,206
Mason Khan,Mason_Khan39@bungar.biz,1978-07-13 10:37:17,91,207
Lara Partridge,Lara_Partridge5992@extex.org,1895-03-05 22:22:40,63,208
Anthony Phillips,Anthony_Phillips3734@twace.org,1832-08-31 15:01:49,66,209
Gabriel Andersson,Gabriel_Andersson4703@naiker.biz,1897-04-27 13:51:23,57,210
Tyson Emerson,Tyson_Emerson4851@irrepsy.com,1960-04-06 10:24:22,93,211
Lauren Cassidy,Lauren_Cassidy2496@sheye.org,1910-01-18 07:09:50,89,212
Victoria Slater,Victoria_Slater7117@ovock.tech,1975-02-01 19:58:47,67,213
Barney Jobson,Barney_Jobson2133@nickia.com,1832-09-03 10:49:52,54,214
ara Edley,ara_Edley9184@twipet.com,1861-09-06 01:17:41,45,215
Makena Chester,Makena_Chester5305@gmail.com,1907-12-22 14:45:31,75,216
Allison Cowan,Allison_Cowan7691@twace.org,1861-07-19 17:45:34,75,217
Vera Marshall,Vera_Marshall4235@jiman.org,1992-10-05 18:51:24,79,218
George Cann,George_Cann4686@gompie.com,1894-07-29 02:26:50,36,219
Danny Bolton,Danny_Bolton1940@mafthy.com,1846-01-10 14:52:46,24,220
Josephine Haines,Josephine_Haines33@gmail.com,1926-08-09 03:34:15,58,221
Amy Watt,Amy_Watt7888@infotech44.tech,1879-07-11 04:08:11,80,222
Dani Tyrrell,Dani_Tyrrell3540@twipet.com,1873-05-30 04:04:49,30,223
Celia Spencer,Celia_Spencer3361@twipet.com,1908-06-26 19:16:05,20,224
Clint Gilbert,Clint_Gilbert3530@mafthy.com,1950-01-07 08:30:12,41,225
Rufus Groves,Rufus_Groves137@infotech44.tech,1849-02-27 08:20:42,26,226
Gil Wallace,Gil_Wallace1082@twipet.com,1964-11-28 15:00:29,62,227
Cedrick Vaughn,Cedrick_Vaughn1679@grannar.com,1940-08-27 02:32:45,69,228
Johnathan Gibbons,Johnathan_Gibbons5440@gembat.biz,1963-12-07 05:04:21,30,229
Aiden Abbey,Aiden_Abbey9964@deavo.com,1851-07-12 17:05:04,89,230
Nate Taylor,Nate_Taylor6783@qater.org,1829-10-02 10:30:27,48,231
Logan Roman,Logan_Roman878@tonsy.org,1946-05-11 04:11:53,64,232
Rick Stanley,Rick_Stanley3435@irrepsy.com,2009-05-18 07:02:26,49,233
Ember Patel,Ember_Patel8966@nickia.com,1931-04-22 15:10:41,30,234
Mya Rossi,Mya_Rossi9960@sveldo.biz,1870-11-27 20:28:47,24,235
Ryan Shaw,Ryan_Shaw5094@supunk.biz,1890-01-28 16:39:12,92,236
Lillian Mccall,Lillian_Mccall846@womeona.net,1821-06-11 07:40:24,70,237
Lynn Young,Lynn_Young7514@bretoux.com,1972-05-29 00:38:13,35,238
Kimberly Vangness,Kimberly_Vangness3751@elnee.tech,1871-12-28 19:57:30,44,239
Ronald Mackenzie,Ronald_Mackenzie7934@kideod.biz,1989-07-27 15:30:26,27,240
Wade Wren,Wade_Wren1528@twace.org,2005-01-09 01:25:12,68,241
Alison Darcy,Alison_Darcy9901@zorer.org,1990-03-25 03:40:38,41,242
Karla Swift,Karla_Swift922@naiker.biz,2011-03-06 01:41:18,55,243
Aiden Harrison,Aiden_Harrison1101@twipet.com,1983-01-04 18:05:14,60,244
Luke Potter,Luke_Potter8930@extex.org,1979-04-21 12:58:54,66,245
Kieth Jones,Kieth_Jones1763@ovock.tech,1934-10-06 01:57:21,32,246
Tara Alldridge,Tara_Alldridge7470@womeona.net,1988-10-21 19:20:41,22,247
Gil Kaur,Gil_Kaur1300@deons.tech,1968-06-07 13:16:06,18,248
Gil Healy,Gil_Healy7118@sheye.org,1840-02-13 14:00:09,77,249
Alexander Selby,Alexander_Selby746@muall.tech,1985-05-31 06:01:21,29,250
Bristol Stevenson,Bristol_Stevenson8676@grannar.com,1942-10-04 12:43:04,35,251
Lily Gibbons,Lily_Gibbons3579@sheye.org,1981-12-16 13:24:57,53,252
Ema Driscoll,Ema_Driscoll9739@twipet.com,1862-08-11 07:21:28,40,253
George Santos,George_Santos9602@dionrab.com,1859-07-27 17:54:09,31,254
Kirsten Morris,Kirsten_Morris9390@brety.org,1821-12-10 22:22:18,86,255
Josh Mccall,Josh_Mccall9269@bungar.biz,1837-01-06 00:18:34,45,256
Crystal Lee,Crystal_Lee8140@sheye.org,1907-04-20 19:53:17,64,257
Carla Parr,Carla_Parr8044@guentu.biz,1887-10-06 21:14:14,40,258
Louise Verdon,Louise_Verdon6526@yahoo.com,1931-04-11 11:58:02,98,259
Rosalyn Russel,Rosalyn_Russel8258@guentu.biz,1887-12-08 14:07:09,42,260
Henry Coleman,Henry_Coleman7325@typill.biz,1937-06-24 14:14:01,66,261
Enoch Duvall,Enoch_Duvall3004@sveldo.biz,1885-11-28 03:35:46,35,262
Felicity Addis,Felicity_Addis3026@supunk.biz,1933-12-28 07:24:54,63,263
Kurt Price,Kurt_Price9462@sveldo.biz,1853-03-25 19:18:50,53,264
Daria Roth,Daria_Roth4447@typill.biz,1900-02-23 09:02:42,63,265
Gabriel Edwards,Gabriel_Edwards9480@gmail.com,1885-06-06 04:46:19,37,266
Alexa Turner,Alexa_Turner4761@guentu.biz,1894-10-19 15:07:11,94,267
Alexander Yates,Alexander_Yates3563@bretoux.com,1956-05-08 20:24:28,18,268
Adela Powell,Adela_Powell3610@gmail.com,1956-10-21 10:07:34,82,269
Leilani Parker,Leilani_Parker6124@nanoff.biz,1958-03-16 21:28:33,54,270
Brad Broomfield,Brad_Broomfield7888@deons.tech,1891-08-02 06:57:37,74,271
Mike Dyson,Mike_Dyson3324@famism.biz,2014-06-24 12:57:06,34,272
Benny Ryan,Benny_Ryan4035@infotech44.tech,1898-12-02 19:08:10,68,273
Molly Norris,Molly_Norris386@twipet.com,2002-05-19 10:53:15,19,274
Aiden Roberts,Aiden_Roberts8971@acrit.org,1855-06-16 17:38:32,34,275
Anthony Franks,Anthony_Franks3655@grannar.com,1849-01-15 16:26:47,75,276
Charlize Neville,Charlize_Neville241@bungar.biz,1830-03-22 21:15:02,30,277
Benjamin Weldon,Benjamin_Weldon936@naiker.biz,1900-11-26 01:38:03,83,278
Maxwell Roman,Maxwell_Roman9741@kideod.biz,1981-08-28 00:29:29,30,279
Ronald Flack,Ronald_Flack5695@cispeto.com,1875-03-20 16:27:57,42,280
Emely Uttridge,Emely_Uttridge4030@nickia.com,1928-01-11 05:16:33,29,281
Rhea Richards,Rhea_Richards85@dionrab.com,1883-12-24 12:48:33,27,282
Ivette Potter,Ivette_Potter8833@infotech44.tech,1925-10-11 12:07:34,60,283
Cameron Burnley,Cameron_Burnley7687@grannar.com,1844-01-13 13:10:17,93,284
Jenna Dallas,Jenna_Dallas3534@dionrab.com,1842-03-01 14:05:29,33,285
Cedrick Simpson,Cedrick_Simpson8502@eirey.tech,1984-02-01 16:43:25,30,286
Percy Harrison,Percy_Harrison583@kideod.biz,1914-05-11 09:36:26,96,287
Chadwick Donnelly,Chadwick_Donnelly6485@gompie.com,1881-03-06 11:24:47,88,288
Chad Lee,Chad_Lee4053@naiker.biz,1980-02-27 16:48:30,78,289
Denis Dixon,Denis_Dixon1438@bulaffy.com,1907-07-12 00:50:53,68,290
Ronald Jeffery,Ronald_Jeffery5345@kideod.biz,1893-07-10 08:14:16,96,291
Nicholas Kelly,Nicholas_Kelly5850@eirey.tech,1933-12-29 11:17:15,71,292
Ryan Corbett,Ryan_Corbett7223@gompie.com,2000-07-06 14:22:43,28,293
Phillip Nelson,Phillip_Nelson1933@atink.com,2000-08-31 18:06:56,52,294
Russel Oswald,Russel_Oswald5542@elnee.tech,1833-09-09 20:09:53,45,295
Madison Mason,Madison_Mason2551@qater.org,1846-03-23 20:53:56,62,296
Kieth Nelson,Kieth_Nelson1559@nimogy.biz,1950-06-11 18:43:25,46,297
Mina Middleton,Mina_Middleton8458@liret.org,1883-04-25 00:32:17,59,298
Russel Connell,Russel_Connell3992@nanoff.biz,1925-05-14 01:15:20,19,299
Karen Rainford,Karen_Rainford4205@nickia.com,1905-12-07 21:22:51,81,300
Ethan Harris,Ethan_Harris5572@mafthy.com,1935-09-09 09:43:01,61,301
Florence James,Florence_James4519@grannar.com,1878-07-26 11:06:57,31,302
Michael Brown,Michael_Brown4180@acrit.org,1990-08-24 05:53:10,83,303
Caitlyn Groves,Caitlyn_Groves5138@eirey.tech,1983-01-29 16:54:48,67,304
Nicholas Brooks,Nicholas_Brooks8204@bungar.biz,1948-12-09 06:40:51,49,305
Rocco Wood,Rocco_Wood7071@tonsy.org,1962-12-10 18:17:12,78,306
Clint Bryant,Clint_Bryant2332@atink.com,1907-12-01 15:05:12,78,307
Trisha Redfern,Trisha_Redfern3819@famism.biz,1873-11-20 07:33:28,75,308
Michael Nurton,Michael_Nurton7867@guentu.biz,1929-07-05 05:57:18,61,309
Jack Knight,Jack_Knight808@eirey.tech,1939-10-10 17:58:39,58,310
Hank Edwards,Hank_Edwards1268@hourpy.biz,1881-07-05 12:01:38,93,311
Alexa Tyler,Alexa_Tyler5100@nanoff.biz,1980-05-26 10:46:20,67,312
Danny Lucas,Danny_Lucas6704@deavo.com,1845-07-10 20:12:07,55,313
Johnny Rowan,Johnny_Rowan6@brety.org,1894-09-24 01:53:56,65,314
Peyton Talbot,Peyton_Talbot3959@atink.com,1981-02-12 14:11:53,55,315
Anthony Wellington,Anthony_Wellington558@bretoux.com,1873-09-08 09:48:24,75,316
Ciara Douglas,Ciara_Douglas1969@joiniaa.com,1832-11-25 07:47:45,83,317
George Sloan,George_Sloan7582@mafthy.com,2011-11-14 08:22:31,92,318
Johnathan Ellis,Johnathan_Ellis6689@ubusive.com,1933-02-10 15:49:41,56,319
Alan Young,Alan_Young2559@nanoff.biz,1960-08-24 07:07:58,24,320
Erick Lynn,Erick_Lynn1073@deavo.com,1934-01-14 02:52:27,46,321
Gabriel Squire,Gabriel_Squire5004@tonsy.org,1963-03-29 00:13:51,86,322
Peter Dwyer,Peter_Dwyer3080@hourpy.biz,1921-07-04 01:33:34,91,323
Leroy Evans,Leroy_Evans4461@elnee.tech,1961-09-21 06:11:56,80,324
Bryce Ranks,Bryce_Ranks3516@mafthy.com,2007-06-17 21:00:03,55,325
Aeris Torres,Aeris_Torres1531@nimogy.biz,1821-12-31 15:06:15,34,326
Gemma Holt,Gemma_Holt5674@brety.org,1945-05-10 14:49:04,57,327
Gladys Hale,Gladys_Hale1036@joiniaa.com,1940-02-25 02:45:42,92,328
Makenzie Moreno,Makenzie_Moreno1258@tonsy.org,1923-09-28 00:14:44,52,329
Daphne Archer,Daphne_Archer7506@eirey.tech,1995-07-20 11:48:37,96,330
Aeris Brooks,Aeris_Brooks5759@yahoo.com,1999-01-20 19:09:44,26,331
Emma Villiger,Emma_Villiger3641@muall.tech,1911-06-24 01:10:21,34,332
Domenic Flack,Domenic_Flack6518@irrepsy.com,1875-08-05 20:30:50,61,333
John Allen,John_Allen7656@vetan.org,1910-04-07 02:55:06,42,334
Holly Roberts,Holly_Roberts6520@cispeto.com,1839-12-07 17:33:05,83,335
Mark Todd,Mark_Todd4239@ubusive.com,2000-10-06 00:16:06,79,336
Nicholas Rothwell,Nicholas_Rothwell2164@infotech44.tech,1949-01-20 18:36:44,34,337
Percy Pierce,Percy_Pierce667@womeona.net,1974-09-29 20:26:08,48,338
Daron Sanchez,Daron_Sanchez567@deavo.com,1985-01-05 19:41:25,75,339
Holly Savage,Holly_Savage3601@twipet.com,1892-08-15 12:16:39,88,340
Cherish Potts,Cherish_Potts8988@irrepsy.com,1963-03-03 05:22:52,64,341
Keira Herbert,Keira_Herbert7401@eirey.tech,1965-01-11 20:14:30,30,342
Rhea Larsen,Rhea_Larsen575@sheye.org,1915-09-19 06:42:46,31,343
Martin Bell,Martin_Bell2890@famism.biz,1890-10-26 11:30:34,99,344
Chad Shaw,Chad_Shaw8633@deavo.com,1993-05-10 16:04:06,63,345
Daron Riley,Daron_Riley5201@famism.biz,1867-03-18 21:44:07,99,346
Rufus Bradley,Rufus_Bradley7329@acrit.org,1892-11-08 18:49:40,91,347
Eryn Weston,Eryn_Weston5249@grannar.com,1893-12-26 06:19:20,91,348
Rihanna Ross,Rihanna_Ross2292@deavo.com,2003-09-19 20:14:14,85,349
Mandy Martin,Mandy_Martin5971@gompie.com,1840-01-26 19:04:30,46,350
Josh Wood,Josh_Wood2274@ubusive.com,1836-10-16 14:13:57,73,351
Miriam Bentley,Miriam_Bentley2338@liret.org,1864-04-05 20:21:01,52,352
Gemma Bradley,Gemma_Bradley8566@corti.com,1919-01-07 22:03:56,55,353
Macy Kidd,Macy_Kidd45@qater.org,1994-01-16 18:21:53,68,354
Martin Skinner,Martin_Skinner5687@qater.org,1974-09-13 07:08:21,46,355
Rowan Hamilton,Rowan_Hamilton939@qater.org,1920-10-22 06:32:43,86,356
Harry Attwood,Harry_Attwood5146@nanoff.biz,1977-12-08 18:23:23,48,357
Jacqueline Thompson,Jacqueline_Thompson4082@nanoff.biz,1991-04-30 06:01:00,77,358
Felicity Mooney,Felicity_Mooney6152@jiman.org,1825-02-04 03:42:08,45,359
ara Lee,ara_Lee723@womeona.net,1955-02-26 08:45:23,23,360
Nicole Holmes,Nicole_Holmes9884@bungar.biz,1952-03-01 00:37:55,18,361
Brad Ryan,Brad_Ryan108@nickia.com,1869-10-09 20:38:14,29,362
Charlotte Vangness,Charlotte_Vangness556@naiker.biz,1852-09-01 20:22:51,57,363
Cassidy Gosling,Cassidy_Gosling9366@sheye.org,1863-09-22 01:41:40,67,364
Melinda Healy,Melinda_Healy1495@sveldo.biz,1882-08-04 16:37:23,41,365
Danny Moreno,Danny_Moreno2670@joiniaa.com,1992-06-17 15:41:11,80,366
Owen Bell,Owen_Bell4469@cispeto.com,1961-09-22 14:35:14,55,367
Hank Asher,Hank_Asher6520@atink.com,1853-05-02 07:05:55,57,368
Brad Collins,Brad_Collins5888@deavo.com,1979-02-15 00:20:31,92,369
Jacob Freeburn,Jacob_Freeburn9206@hourpy.biz,1890-08-06 16:19:37,51,370
David Richards,David_Richards9371@twace.org,1940-01-10 16:50:07,38,371
Harry Moran,Harry_Moran7132@bretoux.com,1919-03-24 14:10:43,76,372
Mark Price,Mark_Price3407@bungar.biz,1977-04-02 15:03:47,83,373
Chuck Thomas,Chuck_Thomas5307@typill.biz,1888-12-20 20:03:27,26,374
Marvin Kelly,Marvin_Kelly2790@acrit.org,2006-10-22 14:47:35,46,375
Adeline Higgs,Adeline_Higgs9306@deavo.com,1894-02-03 00:02:00,45,376
Carol Watson,Carol_Watson3264@typill.biz,1934-03-24 03:13:52,97,377
Harry Notman,Harry_Notman6330@muall.tech,1930-11-18 01:47:57,18,378
Hayden Brown,Hayden_Brown4680@deons.tech,1999-10-02 08:30:48,54,379
Paula Hamilton,Paula_Hamilton1286@nanoff.biz,1898-05-26 02:53:27,82,380
Nina Holmes,Nina_Holmes6278@brety.org,1840-12-08 19:56:16,30,381
Wade Wren,Wade_Wren10@nanoff.biz,1833-06-28 05:34:13,92,382
Rick Goodman,Rick_Goodman4448@muall.tech,1972-08-31 12:34:26,39,383
Javier Middleton,Javier_Middleton1932@gembat.biz,1977-02-20 22:48:43,99,384
Luke Nayler,Luke_Nayler6662@atink.com,1839-06-24 18:02:56,27,385
Caleb Trent,Caleb_Trent5657@vetan.org,1856-07-15 22:27:57,98,386
Mackenzie Payne,Mackenzie_Payne274@deavo.com,1849-02-26 20:51:46,49,387
Lucas Broomfield,Lucas_Broomfield2392@qater.org,1973-12-09 08:43:17,64,388
Camila Fleming,Camila_Fleming3444@deons.tech,2004-10-29 11:44:34,20,389
Aiden Hobson,Aiden_Hobson7537@elnee.tech,1983-03-04 21:12:56,18,390
Carter Torres,Carter_Torres5717@fuliss.net,1971-12-04 15:25:42,86,391
Wade Ralph,Wade_Ralph4093@fuliss.net,1832-06-13 14:09:55,82,392
Rachael Wright,Rachael_Wright7656@gompie.com,1942-08-30 12:05:47,20,393
Marilyn Fox,Marilyn_Fox2964@gmail.com,1830-11-07 05:03:20,45,394
Tyler Farmer,Tyler_Farmer7568@gembat.biz,1936-05-18 07:26:44,48,395
Joseph Morrow,Joseph_Morrow1741@acrit.org,1834-03-01 14:28:58,50,396
Logan Jeffery,Logan_Jeffery6904@infotech44.tech,1949-11-16 10:51:02,95,397
Ryan Calderwood,Ryan_Calderwood5980@grannar.com,1941-01-06 02:30:32,99,398
Livia Tobin,Livia_Tobin4277@qater.org,1841-01-02 20:36:56,41,399
Matthew Wren,Matthew_Wren9468@twace.org,1951-03-22 09:20:45,64,400
Rosalyn Warner,Rosalyn_Warner8012@grannar.com,1943-10-04 21:40:37,78,401
Lucy Emmett,Lucy_Emmett9979@sveldo.biz,1837-12-15 05:11:50,89,402
Alexander Camden,Alexander_Camden7567@grannar.com,1835-01-14 11:51:27,90,403
Matthew Baldwin,Matthew_Baldwin9734@zorer.org,1983-03-06 16:31:51,36,404
Valerie Jobson,Valerie_Jobson2080@bretoux.com,1875-04-28 18:03:49,21,405
Wade Robertson,Wade_Robertson9000@typill.biz,1880-06-18 12:37:15,57,406
Tyler Donovan,Tyler_Donovan7416@gompie.com,1867-12-21 08:57:08,42,407
Danny Hill,Danny_Hill6234@deavo.com,1933-08-14 19:41:26,40,408
Alessia Farmer,Alessia_Farmer4186@corti.com,2012-05-01 05:49:09,64,409
Roger Emmott,Roger_Emmott3918@twace.org,1844-02-16 22:14:38,24,410
Alexander Dixon,Alexander_Dixon5326@nimogy.biz,1960-08-03 20:51:11,37,411
Denis Harrison,Denis_Harrison9848@gembat.biz,1950-03-15 00:47:15,67,412
Jazmin May,Jazmin_May5740@yahoo.com,1876-02-25 09:55:29,65,413
Rick Milner,Rick_Milner3668@supunk.biz,1908-06-19 12:30:43,82,414
Denny Griffiths,Denny_Griffiths9271@sveldo.biz,1905-05-26 20:17:10,56,415
Hank Clark,Hank_Clark424@dionrab.com,1887-07-06 00:20:29,50,416
Carolyn Gray,Carolyn_Gray6118@muall.tech,1986-04-08 17:48:35,81,417
Michelle Power,Michelle_Power4794@womeona.net,1948-07-09 20:51:27,68,418
Carl Stone,Carl_Stone279@irrepsy.com,1899-10-15 14:01:17,22,419
Natalie Jacobs,Natalie_Jacobs3367@cispeto.com,1843-07-03 22:01:15,41,420
Gil Mooney,Gil_Mooney4109@acrit.org,1940-11-24 02:29:29,53,421
Marvin Underhill,Marvin_Underhill8874@fuliss.net,1851-05-19 04:20:07,39,422
Cristal Butler,Cristal_Butler5487@acrit.org,2008-04-21 11:42:57,52,423
Maria Neal,Maria_Neal1712@infotech44.tech,1883-08-14 09:20:39,89,424
Elena Rogers,Elena_Rogers8549@iatim.tech,1873-07-27 06:07:18,46,425
Adina Simpson,Adina_Simpson91@deons.tech,1998-09-18 12:08:03,51,426
Lorraine Kent,Lorraine_Kent893@sheye.org,1931-07-26 12:42:54,75,427
Holly Flynn,Holly_Flynn2564@extex.org,1830-08-17 05:40:54,25,428
Sabina Wood,Sabina_Wood6297@cispeto.com,1825-10-14 22:35:04,23,429
John Squire,John_Squire2592@sheye.org,1994-01-12 14:24:04,23,430
Benny Clifford,Benny_Clifford6187@vetan.org,1833-11-07 21:37:01,21,431
Manuel Everett,Manuel_Everett9649@sheye.org,1969-02-13 22:52:34,79,432
Tom Stanley,Tom_Stanley8546@bulaffy.com,1912-03-30 12:24:28,27,433
Elly Varley,Elly_Varley8633@gmail.com,1837-06-10 03:46:00,53,434
Ada Morgan,Ada_Morgan306@elnee.tech,2006-04-30 01:19:29,19,435
Julian Waterhouse,Julian_Waterhouse3284@corti.com,1976-12-03 21:20:41,30,436
Bob Bryson,Bob_Bryson8978@vetan.org,1985-12-14 05:21:35,73,437
Jocelyn Faulkner,Jocelyn_Faulkner1564@nickia.com,1870-01-15 08:36:25,99,438
Fiona Foxley,Fiona_Foxley4687@eirey.tech,1961-08-09 22:16:22,65,439
Rocco Gregory,Rocco_Gregory8568@bungar.biz,1926-09-18 04:40:24,66,440
Cadence Thompson,Cadence_Thompson8190@kideod.biz,1951-01-24 19:39:38,37,441
Emery Jefferson,Emery_Jefferson7120@bauros.biz,1874-07-04 14:40:38,92,442
Chuck Mcgee,Chuck_Mcgee175@cispeto.com,1970-07-30 03:01:13,30,443
Julius Norman,Julius_Norman8371@bretoux.com,1964-07-24 11:05:01,67,444
Dani Parker,Dani_Parker1436@nanoff.biz,1992-01-11 20:21:06,71,445
Camila Murray,Camila_Murray5126@bauros.biz,1960-07-17 16:41:18,75,446
Rocco Brown,Rocco_Brown5021@nanoff.biz,1967-12-15 02:04:23,20,447
Clint Newman,Clint_Newman454@famism.biz,1927-02-11 08:49:50,71,448
Beatrice Tyrrell,Beatrice_Tyrrell5735@liret.org,1934-05-02 14:40:04,67,449
Gladys Wise,Gladys_Wise3260@dionrab.com,1826-04-10 19:07:57,52,450
Alexander Cobb,Alexander_Cobb844@guentu.biz,1899-03-29 19:58:27,36,451
Liam Egerton,Liam_Egerton6505@qater.org,1972-11-14 21:51:15,67,452
Havana Windsor,Havana_Windsor7924@fuliss.net,2011-12-22 16:19:57,19,453
Sonya Gibbons,Sonya_Gibbons4292@bulaffy.com,1820-08-15 18:48:39,86,454
Caitlyn Booth,Caitlyn_Booth8643@jiman.org,1848-05-06 21:08:27,43,455
Aleksandra Cavanagh,Aleksandra_Cavanagh3763@ubusive.com,1884-12-19 19:10:04,94,456
Michelle Wade,Michelle_Wade4444@grannar.com,1843-06-05 00:25:43,88,457
Dasha Norman,Dasha_Norman4262@zorer.org,1907-12-12 04:07:31,89,458
Ryan Addis,Ryan_Addis6522@bulaffy.com,1957-12-30 08:28:05,65,459
Liliana Stone,Liliana_Stone7396@nanoff.biz,1866-08-30 14:45:18,30,460
Caleb Addley,Caleb_Addley6123@acrit.org,1824-08-26 18:25:30,91,461
Samantha Turner,Samantha_Turner1961@bungar.biz,1839-01-05 14:21:31,88,462
Amelia Middleton,Amelia_Middleton1602@deavo.com,1892-05-25 07:26:15,70,463
Jack Clarke,Jack_Clarke3827@bauros.biz,1917-04-24 04:14:18,90,464
Greta Mackenzie,Greta_Mackenzie2010@irrepsy.com,1907-03-19 22:33:47,24,465
Jessica Victor,Jessica_Victor4601@joiniaa.com,1941-04-06 04:14:53,98,466
Bryon Smith,Bryon_Smith8759@deons.tech,1957-10-07 20:15:26,54,467
Eryn Russell,Eryn_Russell6512@ovock.tech,1978-04-22 12:07:40,39,468
Stephanie Stanley,Stephanie_Stanley1802@yahoo.com,1929-08-27 04:20:57,29,469
Eduardo Keys,Eduardo_Keys3266@tonsy.org,1933-12-11 17:05:06,81,470
Danny Terry,Danny_Terry3662@nanoff.biz,1863-06-04 04:34:29,68,471
Valentina Simpson,Valentina_Simpson6425@mafthy.com,2002-08-05 15:58:49,62,472
Eden Nanton,Eden_Nanton3104@atink.com,2016-02-13 00:43:26,50,473
Alessia Bennett,Alessia_Bennett9134@bauros.biz,1959-02-19 15:16:01,85,474
Oliver Broomfield,Oliver_Broomfield3537@deons.tech,1864-02-21 08:41:43,41,475
Mike Newton,Mike_Newton5696@twipet.com,2011-11-17 09:47:12,32,476
Rosalyn Vass,Rosalyn_Vass1101@vetan.org,1940-12-19 01:37:52,91,477
Lucas Howard,Lucas_Howard144@tonsy.org,1998-05-21 16:55:13,94,478
Bryon Vallins,Bryon_Vallins1627@cispeto.com,1865-12-10 04:26:37,82,479
Hayden Glass,Hayden_Glass8367@muall.tech,1997-03-18 10:43:44,57,480
Joseph May,Joseph_May8437@famism.biz,1915-12-18 18:14:22,50,481
Elise Robinson,Elise_Robinson2723@mafthy.com,1988-09-09 10:57:35,49,482
Teagan Dann,Teagan_Dann1079@vetan.org,1895-08-20 07:07:21,43,483
Ramon Hall,Ramon_Hall7400@sheye.org,1986-12-01 12:09:06,20,484
Melania Glass,Melania_Glass2333@grannar.com,1982-08-10 06:47:14,83,485
Camila Allen,Camila_Allen3674@dionrab.com,1931-05-04 17:41:13,72,486
Ron Faulkner,Ron_Faulkner640@infotech44.tech,1872-02-03 06:49:29,80,487
Nicholas Cavanagh,Nicholas_Cavanagh5707@infotech44.tech,1914-05-04 12:45:32,83,488
Bob Hood,Bob_Hood5646@guentu.biz,2005-03-25 19:48:39,35,489
Alexander Foxley,Alexander_Foxley4500@guentu.biz,1967-12-16 01:00:15,41,490
Russel Wigley,Russel_Wigley4821@corti.com,1840-12-24 14:33:23,67,491
Elle Seymour,Elle_Seymour4331@mafthy.com,1941-10-18 18:18:10,22,492
Julianna Yard,Julianna_Yard2799@nickia.com,1915-04-27 09:23:40,36,493
Bob Rogers,Bob_Rogers2682@jiman.org,1944-12-16 05:24:04,82,494
Jayden Tate,Jayden_Tate680@gembat.biz,1840-11-19 16:28:50,40,495
Raquel Booth,Raquel_Booth2082@zorer.org,1834-05-23 06:01:47,19,496
Alan Chapman,Alan_Chapman1766@tonsy.org,1916-12-17 10:51:09,96,497
Jacob Little,Jacob_Little3793@sheye.org,1846-06-23 00:05:04,65,498
Piper Marshall,Piper_Marshall4029@jiman.org,1951-01-23 16:17:23,34,499
Barry Neal,Barry_Neal504@deons.tech,1829-06-24 09:14:51,77,500
Clarissa Hamilton,Clarissa_Hamilton9009@bulaffy.com,1936-01-02 11:26:25,79,501
Hadley Widdows,Hadley_Widdows2256@eirey.tech,1980-08-13 16:28:53,62,502
Javier Emerson,Javier_Emerson9611@iatim.tech,1850-11-18 17:11:17,77,503
Kurt Bullock,Kurt_Bullock3561@ovock.tech,2010-05-27 13:37:29,75,504
Alan Radcliffe,Alan_Radcliffe6418@nanoff.biz,1846-08-07 06:22:47,41,505
Carter Tobin,Carter_Tobin3281@bungar.biz,1915-07-04 07:21:15,80,506
Mara Redwood,Mara_Redwood7175@fuliss.net,1867-06-23 22:34:16,41,507
Makenzie Parker,Makenzie_Parker2072@supunk.biz,1929-09-12 06:49:46,59,508
Lara Ranks,Lara_Ranks159@gmail.com,1981-08-30 10:52:24,56,509
Barry Gavin,Barry_Gavin7342@guentu.biz,1986-05-10 01:08:36,94,510
Cadence Forth,Cadence_Forth5155@dionrab.com,1878-10-23 21:07:54,49,511
Vera Speed,Vera_Speed7623@guentu.biz,1905-05-15 21:08:20,35,512
Henry Yard,Henry_Yard8199@nimogy.biz,2020-01-31 15:14:19,64,513
Marvin Mullins,Marvin_Mullins8565@acrit.org,1858-04-30 06:51:56,24,514
Johnny Exton,Johnny_Exton341@twipet.com,1838-12-25 14:36:50,55,515
Helen Casey,Helen_Casey4110@atink.com,1837-07-12 12:16:48,23,516
Julius Moore,Julius_Moore3615@bungar.biz,1826-06-15 06:42:24,74,517
Moira Hall,Moira_Hall2622@acrit.org,1912-01-30 02:07:31,66,518
Leilani Gibson,Leilani_Gibson8616@nickia.com,1926-07-19 07:47:41,39,519
Matt Quinton,Matt_Quinton8879@irrepsy.com,1856-12-04 11:35:06,38,520
Jolene Harrison,Jolene_Harrison1631@ubusive.com,1988-01-27 17:31:03,75,521
Jasmine Warden,Jasmine_Warden2285@deavo.com,1927-08-11 06:56:40,50,522
Aiden Baker,Aiden_Baker1593@yahoo.com,1845-02-05 00:17:46,31,523
Aiden Moore,Aiden_Moore2787@naiker.biz,1904-02-25 20:13:31,86,524
Erick Collingwood,Erick_Collingwood63@jiman.org,1875-03-10 06:48:10,94,525
Renee Tutton,Renee_Tutton7223@gompie.com,1881-09-22 21:01:08,34,526
Chad Yates,Chad_Yates9066@bauros.biz,1916-04-23 08:27:25,42,527
Alison Fulton,Alison_Fulton8617@vetan.org,1996-05-31 17:00:51,79,528
Crystal Robertson,Crystal_Robertson8518@jiman.org,1897-09-06 13:17:41,58,529
Paula Dowson,Paula_Dowson3362@fuliss.net,1889-05-21 01:48:15,83,530
Harriet Martin,Harriet_Martin8788@twipet.com,1988-03-29 03:03:06,74,531
Bethany Hepburn,Bethany_Hepburn3883@acrit.org,1944-04-11 07:53:37,47,532
Miley Stone,Miley_Stone9368@naiker.biz,1982-07-13 22:04:50,39,533
Carter Bingham,Carter_Bingham804@qater.org,1829-11-28 18:14:33,53,534
Jacqueline Lowe,Jacqueline_Lowe170@ovock.tech,1938-01-15 15:41:58,49,535
Kenzie Cunningham,Kenzie_Cunningham8959@bulaffy.com,1984-06-10 01:26:04,56,536
Henry Clifford,Henry_Clifford8585@zorer.org,1945-06-20 03:04:31,42,537
Gil Hill,Gil_Hill2118@twace.org,1892-02-15 20:43:58,34,538
Daria Glynn,Daria_Glynn4621@liret.org,1955-07-04 16:50:10,20,539
Sabina Mcnally,Sabina_Mcnally1014@grannar.com,1853-03-15 07:18:09,43,540
Rick Varndell,Rick_Varndell6890@mafthy.com,2014-08-31 18:57:45,62,541
Janice Yang,Janice_Yang8765@acrit.org,1946-01-09 22:43:37,33,542
Daron Simpson,Daron_Simpson5063@bretoux.com,1907-10-11 20:13:39,96,543
Logan Walker,Logan_Walker6798@naiker.biz,1920-03-31 01:23:51,38,544
Beatrice Niles,Beatrice_Niles6259@sveldo.biz,1957-08-27 21:17:44,93,545
Andrea Cork,Andrea_Cork9660@elnee.tech,1843-08-16 16:39:22,30,546
Willow Hunt,Willow_Hunt8106@womeona.net,1887-07-10 16:45:05,87,547
Logan Gibbons,Logan_Gibbons3770@ubusive.com,1846-06-21 05:16:23,68,548
Oliver Griffiths,Oliver_Griffiths7443@naiker.biz,1905-07-17 20:36:14,72,549
Chelsea Jacobs,Chelsea_Jacobs7258@nanoff.biz,1871-09-07 10:15:05,81,550
Tony Larsen,Tony_Larsen8973@gmail.com,1938-04-20 16:18:37,42,551
Chad Hale,Chad_Hale7703@iatim.tech,1914-09-03 02:33:01,26,552
Aeris Kent,Aeris_Kent4298@dionrab.com,1845-11-30 13:08:11,24,553
Anthony Smith,Anthony_Smith6170@muall.tech,1897-02-12 09:34:21,33,554
Logan Grady,Logan_Grady9563@sheye.org,1886-12-11 03:14:05,76,555
Isabella Little,Isabella_Little30@ubusive.com,1991-02-15 14:45:48,38,556
Trisha Drummond,Trisha_Drummond5515@vetan.org,2006-10-04 06:38:06,37,557
Bob Clifford,Bob_Clifford8343@joiniaa.com,1990-12-02 02:33:38,78,558
Noemi Murray,Noemi_Murray4907@ovock.tech,1982-05-27 16:09:16,83,559
Owen Stone,Owen_Stone1247@tonsy.org,1838-03-31 10:25:20,87,560
Camila Campbell,Camila_Campbell8569@muall.tech,1940-07-10 15:24:35,57,561
Alison Farrow,Alison_Farrow841@jiman.org,1955-09-11 12:36:36,83,562
Aeris Gray,Aeris_Gray3124@irrepsy.com,1903-08-11 17:04:38,44,563
Cynthia Ianson,Cynthia_Ianson8076@nimogy.biz,1916-11-22 04:10:49,45,564
Emery Robinson,Emery_Robinson7946@dionrab.com,1962-02-09 12:39:50,59,565
Manuel Gordon,Manuel_Gordon5442@iatim.tech,2010-09-14 02:48:22,36,566
Cameron Kennedy,Cameron_Kennedy2738@sveldo.biz,1831-03-19 19:17:23,82,567
Nathan Gonzales,Nathan_Gonzales2708@nickia.com,2003-02-18 12:34:14,81,568
David Donovan,David_Donovan1492@naiker.biz,1924-11-25 19:39:10,77,569
Christine Pond,Christine_Pond6141@womeona.net,1926-06-10 12:17:40,19,570
Peyton Hale,Peyton_Hale725@yahoo.com,1848-05-11 01:32:51,76,571
Michael Andrews,Michael_Andrews6084@acrit.org,1962-03-14 08:35:28,65,572
Daphne Rodwell,Daphne_Rodwell6703@elnee.tech,1834-07-15 13:09:44,29,573
Alan Underhill,Alan_Underhill2328@guentu.biz,1951-04-03 19:08:06,71,574
Daron Clark,Daron_Clark4678@bretoux.com,1983-03-04 19:11:15,84,575
Tom Calderwood,Tom_Calderwood1019@typill.biz,1962-03-06 02:35:38,97,576
Lindsay Salt,Lindsay_Salt7385@acrit.org,1858-06-06 15:19:41,74,577
Sebastian Giles,Sebastian_Giles8236@atink.com,2000-02-15 08:38:21,68,578
Domenic Douglas,Domenic_Douglas9371@extex.org,1904-07-01 09:46:24,33,579
Alan Owen,Alan_Owen1444@deons.tech,1925-11-13 11:03:07,27,580
Melinda Weasley,Melinda_Weasley5738@ovock.tech,2000-09-25 10:58:56,93,581
Chad Crawley,Chad_Crawley347@brety.org,1852-12-04 00:51:43,94,582
Hayden Camden,Hayden_Camden5204@atink.com,1946-06-24 17:20:42,68,583
Daron Randall,Daron_Randall2389@kideod.biz,1970-07-26 20:18:58,25,584
Phoebe Sloan,Phoebe_Sloan5032@qater.org,1840-03-30 22:27:24,94,585
Benjamin Flett,Benjamin_Flett1902@ubusive.com,1879-05-19 13:56:25,43,586
Margot Attwood,Margot_Attwood3467@cispeto.com,1828-02-24 20:00:34,97,587
Tess Vollans,Tess_Vollans6523@ovock.tech,1894-12-19 00:24:39,21,588
Parker Kelly,Parker_Kelly7863@sveldo.biz,1976-01-05 22:20:53,30,589
Greta Underhill,Greta_Underhill6823@bungar.biz,1994-11-18 03:28:58,84,590
Kieth Lane,Kieth_Lane4469@nimogy.biz,1981-07-01 17:39:13,97,591
Daphne Cann,Daphne_Cann3848@nimogy.biz,1995-05-31 03:28:14,78,592
Benny Uttley,Benny_Uttley4251@naiker.biz,1881-01-14 18:11:42,24,593
Diane Lynn,Diane_Lynn8682@qater.org,1947-05-02 09:28:05,42,594
Johnny Blythe,Johnny_Blythe9347@guentu.biz,1823-02-08 15:29:00,22,595
Owen Little,Owen_Little2587@bauros.biz,1944-05-30 20:26:38,49,596
Renee Emmett,Renee_Emmett1482@brety.org,1961-04-06 17:24:31,21,597
Isla Brown,Isla_Brown9357@deavo.com,1964-05-11 10:09:31,82,598
Daron Cunningham,Daron_Cunningham6567@supunk.biz,1938-09-20 07:09:06,37,599
Adalie Waterhouse,Adalie_Waterhouse7190@bretoux.com,1913-05-12 08:56:12,33,600
Maia Jobson,Maia_Jobson9557@mafthy.com,1823-11-17 05:18:32,21,601
Julian Brooks,Julian_Brooks8646@bauros.biz,1959-04-06 08:17:45,29,602
Madelyn Thorpe,Madelyn_Thorpe2878@bretoux.com,1925-11-05 19:39:37,37,603
Jamie Ward,Jamie_Ward3320@cispeto.com,1899-10-02 07:13:04,47,604
Liv Hunter,Liv_Hunter709@dionrab.com,1822-04-09 00:57:57,68,605
Maddison Clifford,Maddison_Clifford714@typill.biz,1959-07-06 21:40:38,22,606
Harry Barclay,Harry_Barclay3084@deavo.com,1956-06-15 17:35:20,46,607
Sofie Ianson,Sofie_Ianson4026@typill.biz,1898-05-24 22:14:12,42,608
Josh Walter,Josh_Walter181@atink.com,1868-11-06 06:52:31,84,609
Benjamin Walker,Benjamin_Walker105@tonsy.org,1968-07-17 07:17:21,50,610
Faith Myatt,Faith_Myatt6334@liret.org,2011-08-08 20:46:15,51,611
Johnathan Connell,Johnathan_Connell3509@grannar.com,1876-12-01 20:38:09,55,612
Kirsten Rowlands,Kirsten_Rowlands5377@guentu.biz,1968-12-14 12:12:12,23,613
Mason Kerr,Mason_Kerr8257@famism.biz,1838-03-21 06:03:45,33,614
Aiden Gardner,Aiden_Gardner1199@deons.tech,1973-02-15 03:13:27,93,615
Carmella Rainford,Carmella_Rainford9088@extex.org,1891-08-22 08:04:44,58,616
Mason Russell,Mason_Russell2045@acrit.org,1833-09-27 19:38:17,55,617
Paula Chapman,Paula_Chapman9658@deons.tech,2000-05-04 06:55:26,27,618
Nicholas Davies,Nicholas_Davies2877@liret.org,1900-01-26 11:56:48,75,619
Laila Holt,Laila_Holt2818@naiker.biz,1960-01-03 20:24:45,19,620
Michelle Dobson,Michelle_Dobson9998@bulaffy.com,2019-04-17 18:10:48,26,621
Phoebe Kelly,Phoebe_Kelly6306@bulaffy.com,1837-06-14 21:17:57,95,622
Hayden Harper,Hayden_Harper5894@brety.org,1985-09-30 12:35:10,50,623
Ema Miller,Ema_Miller4321@tonsy.org,1837-06-30 08:44:22,36,624
Penny Armstrong,Penny_Armstrong7275@vetan.org,1885-06-19 12:39:22,75,625
Willow Poole,Willow_Poole8246@irrepsy.com,1833-09-16 15:20:16,24,626
Alexia Chester,Alexia_Chester4196@deons.tech,1869-09-07 05:11:26,85,627
Ethan Dallas,Ethan_Dallas7513@ubusive.com,1861-10-09 16:05:57,50,628
Hayden Bullock,Hayden_Bullock4718@vetan.org,1901-04-18 09:20:56,27,629
Gabriel John,Gabriel_John3134@sheye.org,1906-01-16 07:42:37,47,630
Chadwick Snow,Chadwick_Snow5519@extex.org,1941-02-08 15:40:28,39,631
Logan Gray,Logan_Gray8722@typill.biz,1939-01-11 22:31:47,74,632
Leslie Farrant,Leslie_Farrant3282@joiniaa.com,1957-06-11 16:35:57,92,633
Kieth Stuart,Kieth_Stuart6175@bretoux.com,1999-07-30 14:39:28,19,634
Julian Norris,Julian_Norris6956@sheye.org,1984-06-17 14:35:29,32,635
Erick Dixon,Erick_Dixon9329@womeona.net,1860-08-11 03:53:07,43,636
Henry Vallory,Henry_Vallory5831@supunk.biz,1889-05-07 02:44:33,92,637
Josephine Richardson,Josephine_Richardson7860@infotech44.tech,1841-06-18 00:31:32,66,638
Margot Campbell,Margot_Campbell7976@elnee.tech,1832-02-01 01:31:05,27,639
Boris Andersson,Boris_Andersson1660@sveldo.biz,1950-11-29 00:16:17,53,640
Cedrick Farmer,Cedrick_Farmer5900@liret.org,1856-09-03 17:08:56,52,641
Andrea Watt,Andrea_Watt5379@jiman.org,1981-06-22 22:53:08,45,642
Christy Aldridge,Christy_Aldridge4493@atink.com,1865-12-08 17:52:39,43,643
Joseph Nayler,Joseph_Nayler1229@guentu.biz,1847-10-04 01:30:34,39,644
Eduardo Purvis,Eduardo_Purvis6657@bungar.biz,1853-04-30 08:00:52,43,645
Livia Lyon,Livia_Lyon9597@atink.com,1844-06-20 05:34:25,99,646
Candace Partridge,Candace_Partridge6486@acrit.org,1903-08-23 08:13:38,29,647
Nick Turner,Nick_Turner8873@yahoo.com,1887-05-20 00:58:30,99,648
Matthew Noach,Matthew_Noach3689@iatim.tech,2013-09-11 14:16:56,81,649
Nick Nicolas,Nick_Nicolas5843@hourpy.biz,1907-05-06 10:54:19,60,650
Chester Cox,Chester_Cox7495@grannar.com,1863-05-26 18:14:54,85,651
Alan Niles,Alan_Niles4497@atink.com,1957-07-08 20:05:00,48,652
Rhea Porter,Rhea_Porter8706@liret.org,1876-12-04 08:44:03,67,653
Barney Burnley,Barney_Burnley9858@tonsy.org,1957-06-03 08:14:47,52,654
Nathan Murray,Nathan_Murray1387@nickia.com,1955-03-11 08:36:25,29,655
Jacob Waterson,Jacob_Waterson9495@brety.org,1966-05-29 20:28:30,40,656
William Shaw,William_Shaw3226@infotech44.tech,1823-07-28 12:05:15,56,657
Danielle Palmer,Danielle_Palmer5891@tonsy.org,1902-05-23 16:07:12,63,658
Shelby Plumb,Shelby_Plumb9249@yahoo.com,1917-04-14 04:42:14,54,659
Noah Upsdell,Noah_Upsdell5358@mafthy.com,1848-12-26 04:01:10,71,660
Adela Stewart,Adela_Stewart9711@qater.org,2009-02-04 02:18:44,44,661
Enoch Coates,Enoch_Coates9546@gmail.com,1831-06-10 16:15:16,57,662
Rosa Dempsey,Rosa_Dempsey8190@nickia.com,1898-03-05 20:44:58,22,663
Julius Morgan,Julius_Morgan5547@kideod.biz,1942-11-13 09:20:04,25,664
Hayden Beal,Hayden_Beal9317@kideod.biz,1823-05-18 14:45:09,62,665
Greta Davies,Greta_Davies6986@typill.biz,1877-11-22 10:31:17,55,666
Erin Turner,Erin_Turner7059@sveldo.biz,1884-05-16 19:42:30,80,667
Tania Dickson,Tania_Dickson1931@deons.tech,2014-12-16 19:53:22,72,668
David Roman,David_Roman4473@iatim.tech,1872-05-19 21:14:43,30,669
Josh Quinton,Josh_Quinton6257@yahoo.com,1828-12-13 12:15:48,28,670
Cedrick Pope,Cedrick_Pope3965@bulaffy.com,1825-11-21 17:32:36,87,671
Bob Truscott,Bob_Truscott6348@nimogy.biz,2009-08-19 17:52:04,88,672
Madelyn Powell,Madelyn_Powell3569@mafthy.com,1972-03-11 07:32:09,21,673
Harry Drake,Harry_Drake2550@irrepsy.com,1993-07-11 19:11:32,67,674
Nathan Lee,Nathan_Lee8952@brety.org,1947-02-22 16:24:55,25,675
Owen Harrison,Owen_Harrison9628@bauros.biz,1942-04-16 20:53:47,29,676
Wade Antcliff,Wade_Antcliff5654@joiniaa.com,1986-03-20 10:53:09,85,677
Benny Morley,Benny_Morley4633@gmail.com,2018-08-16 21:05:37,96,678
Helen Irving,Helen_Irving643@sheye.org,1978-12-05 09:07:30,88,679
Helen Chappell,Helen_Chappell3995@bungar.biz,1872-03-10 22:04:29,91,680
Alex Parr,Alex_Parr1094@extex.org,1963-04-18 07:43:35,79,681
Harvey Coates,Harvey_Coates8385@sveldo.biz,1970-03-24 14:19:47,67,682
Nicholas Evans,Nicholas_Evans2991@zorer.org,1854-05-19 04:55:31,27,683
Hayden Ross,Hayden_Ross7286@sheye.org,1863-01-23 15:29:04,21,684
Ron Randall,Ron_Randall7587@tonsy.org,1847-07-13 14:32:17,32,685
Phillip Vinton,Phillip_Vinton8841@irrepsy.com,1996-11-19 09:55:14,85,686
Paige Cunningham,Paige_Cunningham4840@bauros.biz,1980-02-28 05:32:04,91,687
Percy Page ,Percy_Page 7556@twace.org,1970-02-03 17:37:06,78,688
Mary Snell,Mary_Snell3646@irrepsy.com,1889-10-30 13:42:14,90,689
Boris Wilson,Boris_Wilson2580@cispeto.com,1842-08-07 11:03:00,50,690
Margot Weasley,Margot_Weasley3941@sveldo.biz,1927-05-25 09:30:44,77,691
Kurt Lambert,Kurt_Lambert5034@bretoux.com,2002-03-24 16:48:01,51,692
Emely Wigley,Emely_Wigley1826@sveldo.biz,1884-09-26 19:58:14,19,693
Julian Parker,Julian_Parker7076@typill.biz,1904-01-04 03:15:14,94,694
Gloria Wilkinson,Gloria_Wilkinson5263@sheye.org,2017-02-03 20:44:56,67,695
Mason Pickard,Mason_Pickard6050@tonsy.org,1902-05-04 18:17:16,82,696
Domenic Vinton,Domenic_Vinton7413@irrepsy.com,1897-09-11 04:08:40,90,697
Nick Bryant,Nick_Bryant895@kideod.biz,1842-06-18 12:45:23,28,698
Roger Vaughn,Roger_Vaughn6414@iatim.tech,1940-10-17 15:01:30,51,699
Paula Mackenzie,Paula_Mackenzie4596@eirey.tech,1930-12-19 18:12:03,50,700
Joseph Allington,Joseph_Allington752@hourpy.biz,2004-06-24 01:55:08,25,701
Gabriel Douglas,Gabriel_Douglas1502@gmail.com,1941-07-14 08:37:06,88,702
Cara Kelly,Cara_Kelly2736@jiman.org,2004-04-06 11:06:50,91,703
Ada Hunter,Ada_Hunter121@ubusive.com,1953-07-28 00:57:47,75,704
Madison Addis,Madison_Addis4216@grannar.com,1938-05-13 21:48:05,70,705
Celina Uttley,Celina_Uttley1995@nimogy.biz,1950-09-27 03:47:47,93,706
Chuck Flack,Chuck_Flack2514@naiker.biz,1926-01-18 07:52:48,75,707
Tania Savage,Tania_Savage4066@acrit.org,2010-12-06 06:12:42,73,708
Mason Utterson,Mason_Utterson2147@deavo.com,1840-06-01 05:30:18,72,709
Crystal Truscott,Crystal_Truscott8845@twipet.com,1929-01-06 14:36:36,19,710
Ally Mitchell,Ally_Mitchell3936@yahoo.com,1982-05-20 08:41:50,78,711
Carter Rivers,Carter_Rivers1351@ovock.tech,1971-10-05 21:51:32,75,712
Harriet Styles,Harriet_Styles1579@nanoff.biz,1899-11-21 05:55:07,83,713
Ron Bailey,Ron_Bailey7038@joiniaa.com,2001-01-25 15:36:10,91,714
Meredith Atkinson,Meredith_Atkinson5761@bretoux.com,1941-03-27 02:01:55,60,715
Mavis Rowlands,Mavis_Rowlands9287@brety.org,1913-11-26 11:49:13,70,716
Hazel Purvis,Hazel_Purvis484@elnee.tech,1957-12-13 08:22:43,21,717
Johnny Mooney,Johnny_Mooney6559@infotech44.tech,1972-09-25 03:58:50,64,718
Dorothy Dann,Dorothy_Dann6022@gembat.biz,1926-07-25 13:38:57,94,719
Alexander Bentley,Alexander_Bentley5420@bretoux.com,1881-05-12 22:36:08,68,720
Angelina Stevenson,Angelina_Stevenson8895@kideod.biz,1873-10-20 01:24:56,96,721
Clint Grady,Clint_Grady6626@gmail.com,1894-05-07 09:57:49,92,722
Johnathan Ashwell,Johnathan_Ashwell7981@muall.tech,1869-10-08 21:09:20,72,723
Meredith Egerton,Meredith_Egerton2289@bretoux.com,1926-01-02 21:06:09,95,724
Hadley Phillips,Hadley_Phillips187@vetan.org,1998-09-11 19:43:10,95,725
Kieth Stone,Kieth_Stone2274@grannar.com,1931-12-16 08:28:14,33,726
Daniel Latham,Daniel_Latham3064@nanoff.biz,1977-05-27 15:44:20,86,727
Daron Salt,Daron_Salt8902@kideod.biz,1997-02-07 00:22:10,79,728
Alexia Clark,Alexia_Clark3981@sheye.org,1979-07-11 17:36:40,79,729
Mona Ulyatt,Mona_Ulyatt9671@vetan.org,1929-09-11 02:22:50,85,730
Gloria Penn,Gloria_Penn3446@corti.com,1934-09-04 04:52:45,71,731
Chuck Mills,Chuck_Mills4947@naiker.biz,1852-01-26 21:39:31,48,732
William Duvall,William_Duvall6047@muall.tech,1824-05-20 10:49:17,92,733
Goldie Thomson,Goldie_Thomson3558@cispeto.com,1882-09-12 18:37:53,34,734
Liam Harvey,Liam_Harvey317@gembat.biz,1860-08-26 02:22:10,54,735
Julianna Hobson,Julianna_Hobson4810@typill.biz,1860-08-13 00:45:40,56,736
Denny Higgs,Denny_Higgs8751@bulaffy.com,2002-12-14 10:56:57,57,737
Adalind Bell,Adalind_Bell3219@sheye.org,1849-10-09 04:02:23,55,738
Valentina Aldridge,Valentina_Aldridge8445@twipet.com,1879-11-29 17:02:32,44,739
Lynn Miller,Lynn_Miller4288@dionrab.com,1869-07-30 06:57:07,41,740
Gwen Gibson,Gwen_Gibson6890@deons.tech,1882-08-22 15:31:41,71,741
Ellen Gray,Ellen_Gray2291@gompie.com,1832-09-22 15:44:34,67,742
Phoebe Addley,Phoebe_Addley6591@tonsy.org,1887-02-14 08:19:14,60,743
Barry Waterson,Barry_Waterson1087@deavo.com,1965-01-31 15:57:44,98,744
Leroy Henderson,Leroy_Henderson8926@bretoux.com,1883-12-04 14:42:50,19,745
Maya Villiger,Maya_Villiger5260@nanoff.biz,1889-02-20 17:43:29,79,746
Karla Palmer,Karla_Palmer1881@naiker.biz,1981-03-13 01:15:30,88,747
Olivia Roberts,Olivia_Roberts6044@extex.org,1995-11-21 01:29:21,89,748
Martin Whitehouse,Martin_Whitehouse2300@infotech44.tech,1887-09-22 18:22:55,47,749
Eduardo Connell,Eduardo_Connell42@yahoo.com,1871-03-16 22:08:05,58,750
Jacob Norman,Jacob_Norman9956@iatim.tech,1989-01-12 12:46:31,41,751
Brad Franks,Brad_Franks6296@dionrab.com,1885-03-08 19:03:13,55,752
Georgia Jackson,Georgia_Jackson1600@bulaffy.com,1911-09-30 05:58:34,78,753
Eduardo Woodley,Eduardo_Woodley8613@iatim.tech,1883-03-15 10:29:35,28,754
Bart Cavanagh,Bart_Cavanagh6639@deons.tech,1957-01-02 12:49:55,75,755
Daniel Ward,Daniel_Ward6450@cispeto.com,1933-07-08 01:02:05,31,756
Michael Patel,Michael_Patel7854@gmail.com,1887-11-07 19:30:00,79,757
Jacob Brown,Jacob_Brown964@muall.tech,2008-03-12 19:38:03,36,758
Domenic Hamilton,Domenic_Hamilton8852@acrit.org,2018-11-11 00:44:20,22,759
Lucas Bentley,Lucas_Bentley4371@cispeto.com,1871-05-31 19:04:17,80,760
William Coll,William_Coll1892@typill.biz,1823-06-29 10:48:58,65,761
Molly Cobb,Molly_Cobb8687@jiman.org,1863-08-19 11:18:25,49,762
Barney Dickson,Barney_Dickson9531@corti.com,1916-12-17 22:00:34,50,763
Lily Shepherd,Lily_Shepherd3090@supunk.biz,1993-09-19 12:50:04,45,764
Hank Potter,Hank_Potter7658@bretoux.com,1993-09-19 09:31:10,42,765
Amelia Lee,Amelia_Lee9049@elnee.tech,1964-12-17 19:52:41,45,766
Russel Vangness,Russel_Vangness5911@irrepsy.com,2015-06-14 00:38:27,50,767
Martin Rees,Martin_Rees921@qater.org,1849-12-11 07:24:37,69,768
Isabel Thomson,Isabel_Thomson2768@muall.tech,1935-03-28 02:27:51,73,769
Mason Morris,Mason_Morris7437@twipet.com,1834-04-14 21:10:16,46,770
Enoch Hewitt,Enoch_Hewitt7726@iatim.tech,1845-03-14 06:32:02,40,771
Alessia Reynolds,Alessia_Reynolds771@jiman.org,1940-12-03 14:57:56,92,772
Renee Lucas,Renee_Lucas7924@supunk.biz,2019-07-21 10:29:46,82,773
Cherish Alldridge,Cherish_Alldridge2894@naiker.biz,1876-02-01 08:03:37,60,774
Ruth Sanchez,Ruth_Sanchez6010@twipet.com,1930-07-04 09:04:27,74,775
Cassandra Plant,Cassandra_Plant3813@corti.com,1876-10-09 22:15:22,70,776
Mike Bingham,Mike_Bingham2581@dionrab.com,1869-02-16 07:56:17,18,777
Michael Pratt,Michael_Pratt4345@vetan.org,1875-08-15 03:10:30,87,778
Jasmine Pickard,Jasmine_Pickard1028@ubusive.com,1871-01-04 21:43:47,58,779
David Shields,David_Shields9963@zorer.org,1921-11-25 19:09:31,21,780
Alice Whinter,Alice_Whinter4636@irrepsy.com,2001-05-08 14:46:45,35,781
Norah Gunn,Norah_Gunn5343@dionrab.com,1872-05-02 17:38:54,84,782
Harry Ralph,Harry_Ralph7970@deavo.com,1843-12-18 19:19:33,26,783
Ramon Griffiths,Ramon_Griffiths4697@iatim.tech,1844-12-20 13:33:37,53,784
Carl Asher,Carl_Asher5821@acrit.org,1915-01-29 07:09:55,67,785
Natalie Taylor,Natalie_Taylor7231@deavo.com,1945-07-25 06:58:44,46,786
Mark Bullock,Mark_Bullock6616@sheye.org,1851-12-28 03:17:53,95,787
Natalie Raven,Natalie_Raven4922@tonsy.org,1859-03-15 14:34:25,37,788
Mayleen York,Mayleen_York9612@acrit.org,1874-05-10 17:54:44,18,789
Liliana Locke,Liliana_Locke2838@supunk.biz,1886-09-22 20:18:48,34,790
Tyler Parr,Tyler_Parr9919@ovock.tech,1935-11-14 03:43:31,60,791
Fred James,Fred_James5084@gompie.com,1888-04-24 20:15:18,58,792
Mackenzie Oswald,Mackenzie_Oswald9083@sveldo.biz,1829-06-15 08:43:06,88,793
Dani Matthews,Dani_Matthews2368@bungar.biz,1963-09-27 10:24:00,81,794
Kieth Ranks,Kieth_Ranks2286@extex.org,1844-05-26 01:18:41,21,795
Martin Noach,Martin_Noach3196@naiker.biz,1831-01-23 11:19:52,92,796
Lana Lee,Lana_Lee6783@liret.org,1959-10-19 21:18:33,88,797
Peter Hudson,Peter_Hudson5413@supunk.biz,1903-01-16 19:18:53,99,798
Bart Stevens,Bart_Stevens606@joiniaa.com,1951-02-02 07:26:26,90,799
Carl Eaton,Carl_Eaton1075@grannar.com,1953-06-01 08:41:58,42,800
Dakota Wallace,Dakota_Wallace8425@nanoff.biz,2013-05-05 08:26:54,48,801
Elijah Overson,Elijah_Overson8917@bulaffy.com,1854-10-05 09:34:15,65,802
Aiden Addis,Aiden_Addis6865@nickia.com,1972-02-13 21:08:58,77,803
Cara Hunt,Cara_Hunt6173@typill.biz,1868-12-05 07:10:52,54,804
Manuel Donnelly,Manuel_Donnelly738@nimogy.biz,2019-07-07 16:37:11,49,805
Samara Wills,Samara_Wills4181@bulaffy.com,1955-06-04 20:03:10,51,806
Lexi Ebbs,Lexi_Ebbs1978@ubusive.com,1826-05-16 20:47:04,73,807
Alan Wright,Alan_Wright8147@bretoux.com,1926-08-24 22:46:58,72,808
Nicholas Wilkinson,Nicholas_Wilkinson6068@irrepsy.com,1873-12-01 16:52:41,29,809
Sebastian Walsh,Sebastian_Walsh4875@elnee.tech,1825-10-03 08:18:44,72,810
Cedrick Mcneill,Cedrick_Mcneill5134@cispeto.com,1824-02-25 02:37:06,49,811
Aurelia Mcguire,Aurelia_Mcguire5154@acrit.org,1961-08-03 06:50:42,22,812
Rosalee Steer,Rosalee_Steer9359@bretoux.com,1943-11-04 05:11:22,41,813
Phillip Vaughn,Phillip_Vaughn3243@gompie.com,1853-11-22 17:26:05,55,814
Roger Irwin,Roger_Irwin3261@kideod.biz,1877-02-24 04:28:08,77,815
Caleb Rossi,Caleb_Rossi6946@acrit.org,1842-02-04 18:36:12,91,816
Noah Parr,Noah_Parr8230@liret.org,1827-10-24 00:43:56,32,817
Felicity Whitmore,Felicity_Whitmore2621@guentu.biz,1865-07-07 04:45:28,20,818
Angelina Mccall,Angelina_Mccall6547@grannar.com,1944-05-04 01:20:57,55,819
Britney Victor,Britney_Victor1953@nickia.com,1872-08-09 19:56:05,51,820
Chad Leigh,Chad_Leigh9606@sheye.org,2000-03-04 17:20:47,28,821
Matt Allen,Matt_Allen1788@irrepsy.com,1828-03-03 19:34:16,68,822
Johnathan Forester,Johnathan_Forester5004@typill.biz,1986-12-23 13:33:34,69,823
Sebastian Wright,Sebastian_Wright828@naiker.biz,2017-10-25 04:05:52,70,824
Fred Ryan,Fred_Ryan8452@grannar.com,1891-06-16 22:03:43,69,825
Daria Phillips,Daria_Phillips4753@elnee.tech,1930-12-07 15:01:09,94,826
Macy Bingham,Macy_Bingham1773@bauros.biz,1952-05-09 07:03:23,57,827
Joseph Haines,Joseph_Haines6370@bauros.biz,1872-11-29 03:54:55,54,828
Michael Dempsey,Michael_Dempsey9568@gembat.biz,1846-10-04 12:12:38,36,829
Alexia Sawyer,Alexia_Sawyer9468@acrit.org,1956-07-10 22:21:05,91,830
Iris Newman,Iris_Newman2520@typill.biz,1951-04-01 12:02:42,31,831
Joseph Niles,Joseph_Niles7056@deons.tech,1970-02-05 07:46:56,68,832
Carl Gibson,Carl_Gibson1686@nanoff.biz,1947-08-29 18:44:16,23,833
Samara Locke,Samara_Locke566@elnee.tech,2001-07-16 20:34:08,64,834
Rufus Woodcock,Rufus_Woodcock4894@hourpy.biz,1931-09-15 02:13:50,67,835
Ethan Robinson,Ethan_Robinson4898@naiker.biz,1998-04-19 12:29:04,32,836
Samara Riley,Samara_Riley6516@zorer.org,1944-08-20 21:01:16,33,837
Matthew Stanley,Matthew_Stanley3962@yahoo.com,1939-03-02 14:53:20,68,838
Christy Holmes,Christy_Holmes6864@brety.org,1843-11-24 08:19:15,62,839
Domenic King,Domenic_King9713@brety.org,1980-11-06 17:49:36,34,840
Henry Ward,Henry_Ward6646@brety.org,1939-01-23 12:00:27,34,841
Martin Burge,Martin_Burge4729@muall.tech,1870-10-29 20:04:54,79,842
Oliver Oakley,Oliver_Oakley7328@hourpy.biz,1915-04-03 05:39:39,36,843
Harvey Squire,Harvey_Squire1405@extex.org,1911-02-09 14:14:56,29,844
Chadwick Addis,Chadwick_Addis720@twipet.com,1966-08-29 05:02:19,56,845
Ron Tyrrell,Ron_Tyrrell8640@ovock.tech,1824-12-10 07:13:49,39,846
Marigold White,Marigold_White2427@acrit.org,1906-09-23 07:00:28,33,847
Martin King,Martin_King7843@nanoff.biz,1995-09-25 16:40:25,25,848
Bristol Devonport,Bristol_Devonport1948@twipet.com,1854-05-01 20:25:10,97,849
Alma Bentley,Alma_Bentley6880@naiker.biz,1966-09-05 00:36:42,88,850
Alan West,Alan_West1401@qater.org,1878-01-01 12:07:41,24,851
Martin Neville,Martin_Neville7488@yahoo.com,1849-08-21 11:08:55,32,852
Daniel Ring,Daniel_Ring5208@famism.biz,1865-06-08 05:25:00,53,853
Percy Horton,Percy_Horton5699@deavo.com,1820-07-25 15:12:20,18,854
Stephanie Garcia,Stephanie_Garcia983@nickia.com,1920-02-09 14:38:38,70,855
Josh Sylvester,Josh_Sylvester5406@ubusive.com,1913-12-24 09:01:04,69,856
Livia Campbell,Livia_Campbell2619@liret.org,1855-09-04 15:12:02,20,857
Daron Gallacher,Daron_Gallacher9338@gompie.com,1971-04-26 04:43:49,63,858
Christy Gonzales,Christy_Gonzales3618@gembat.biz,2013-12-16 09:25:13,37,859
Adina Alldridge,Adina_Alldridge7225@ovock.tech,1920-09-24 14:27:51,59,860
Domenic Cadman,Domenic_Cadman6309@atink.com,2003-10-20 01:43:57,65,861
Carol Butler,Carol_Butler5267@fuliss.net,1914-06-01 07:45:02,39,862
Sebastian Parker,Sebastian_Parker8062@elnee.tech,1992-02-25 04:04:57,23,863
Julian Reid,Julian_Reid3434@brety.org,1865-01-06 22:08:12,42,864
Julius Todd,Julius_Todd6528@infotech44.tech,2004-09-12 10:35:42,57,865
Josh Sanchez,Josh_Sanchez5995@bauros.biz,1937-01-06 09:47:11,41,866
Marie Whitmore,Marie_Whitmore9163@irrepsy.com,1930-08-11 18:49:47,82,867
Camden James,Camden_James7506@supunk.biz,1831-11-25 18:19:49,59,868
Maribel Avery,Maribel_Avery4891@guentu.biz,1864-09-19 07:15:34,29,869
Doris Morgan,Doris_Morgan9210@gompie.com,1996-05-08 21:31:10,51,870
Blake Rigg,Blake_Rigg9269@extex.org,2013-10-21 07:39:12,75,871
Henry Wilkinson,Henry_Wilkinson6888@zorer.org,1849-08-05 14:16:00,38,872
Michael Hudson,Michael_Hudson6524@infotech44.tech,1885-01-27 05:37:11,59,873
Alessandra Saunders,Alessandra_Saunders4357@supunk.biz,1981-11-24 18:25:29,94,874
Martin Watson,Martin_Watson8882@gmail.com,1969-05-29 04:15:02,52,875
Margaret Rogers,Margaret_Rogers9233@nanoff.biz,1933-08-01 08:08:56,72,876
Tess Emerson,Tess_Emerson7190@grannar.com,1923-04-09 21:30:17,23,877
Rihanna Dubois,Rihanna_Dubois842@gmail.com,1941-02-18 11:21:17,36,878
Kieth Roman,Kieth_Roman7706@jiman.org,1920-08-29 17:13:15,86,879
Selena Griffiths,Selena_Griffiths8290@gembat.biz,1858-04-29 03:19:19,87,880
Johnathan Exton,Johnathan_Exton9723@dionrab.com,1826-10-08 19:25:33,64,881
Ramon Egerton,Ramon_Egerton7347@gompie.com,1965-11-10 02:41:26,22,882
Georgia Edler,Georgia_Edler4565@vetan.org,1961-11-22 16:56:51,32,883
Ethan Murray,Ethan_Murray4430@supunk.biz,1902-12-23 00:36:41,36,884
Johnny Bristow,Johnny_Bristow7071@sheye.org,1914-02-01 18:43:15,57,885
Alessia Ballard,Alessia_Ballard2711@deons.tech,1848-12-22 10:30:21,47,886
Noah Pearson,Noah_Pearson3850@sveldo.biz,1999-01-09 21:24:20,30,887
Aiden Walsh,Aiden_Walsh2254@joiniaa.com,1906-07-25 00:32:40,30,888
Aleksandra Phillips,Aleksandra_Phillips3833@deons.tech,2018-10-16 06:45:20,38,889
Clint Page ,Clint_Page 3532@bungar.biz,1968-11-19 17:16:34,89,890
Nina York,Nina_York1206@naiker.biz,1936-09-09 10:38:50,72,891
Emmanuelle Calderwood,Emmanuelle_Calderwood2105@kideod.biz,1884-04-29 05:10:17,28,892
Alexia Lindsay,Alexia_Lindsay863@nanoff.biz,1858-07-19 05:38:17,72,893
Julian Wilkinson,Julian_Wilkinson8156@iatim.tech,1926-09-04 13:33:35,60,894
Phillip Cartwright,Phillip_Cartwright6949@twace.org,1834-05-09 15:02:53,67,895
Harry Robe,Harry_Robe4608@twipet.com,1886-08-18 07:18:55,66,896
Erick Devonport,Erick_Devonport1881@extex.org,1901-07-29 21:00:34,92,897
Caitlyn Robinson,Caitlyn_Robinson7728@mafthy.com,2006-10-24 06:21:56,26,898
Celina Thorne,Celina_Thorne6913@atink.com,1834-04-10 16:29:31,42,899
Brad Scott,Brad_Scott76@nanoff.biz,1968-01-20 07:42:41,76,900
Julius Stuart,Julius_Stuart27@zorer.org,1994-06-20 00:13:51,46,901
Cassandra Gilmore,Cassandra_Gilmore8332@deons.tech,1851-04-07 01:38:02,94,902
Chad John,Chad_John2828@deavo.com,1915-09-17 00:33:35,87,903
Benny Wilde,Benny_Wilde2476@extex.org,1983-02-15 16:43:48,40,904
Camila Reid,Camila_Reid1803@eirey.tech,1868-11-06 20:46:53,19,905
Esmeralda Flynn,Esmeralda_Flynn7716@yahoo.com,1956-01-12 04:10:17,50,906
Victoria Fleming,Victoria_Fleming273@brety.org,1918-05-31 06:06:50,40,907
Noemi Abbot,Noemi_Abbot7663@zorer.org,1856-10-26 19:17:02,55,908
Sebastian Funnell,Sebastian_Funnell5841@nanoff.biz,2013-01-06 20:52:12,42,909
Bob Poole,Bob_Poole4320@elnee.tech,1940-10-27 20:34:26,80,910
Erick Strong,Erick_Strong6346@mafthy.com,1887-06-20 18:53:52,88,911
Lindsay Jordan,Lindsay_Jordan8371@hourpy.biz,1939-06-16 18:02:50,81,912
Lucas Clayton,Lucas_Clayton5464@nickia.com,1999-01-30 20:23:19,40,913
Alan Lambert,Alan_Lambert2791@cispeto.com,1973-05-19 07:01:58,87,914
Ellen Mitchell,Ellen_Mitchell3581@kideod.biz,1957-01-14 08:35:35,87,915
Alexander Warden,Alexander_Warden6803@atink.com,1927-03-16 20:23:56,74,916
Hazel Cooper,Hazel_Cooper6234@grannar.com,1943-07-08 01:51:18,22,917
Courtney Vaughn,Courtney_Vaughn83@iatim.tech,1946-05-21 09:31:05,99,918
Daron Ellis,Daron_Ellis4870@irrepsy.com,1915-09-13 11:09:07,98,919
Celia Hewitt,Celia_Hewitt3067@joiniaa.com,1962-07-30 09:21:47,86,920
Caleb Morrow,Caleb_Morrow5493@grannar.com,1826-02-13 18:43:02,60,921
Jacob Wigley,Jacob_Wigley9618@tonsy.org,1846-04-15 14:05:09,23,922
Noah Wallace,Noah_Wallace3324@gembat.biz,1895-08-30 16:43:35,93,923
Rosalie Maxwell,Rosalie_Maxwell2541@supunk.biz,2016-10-22 00:14:55,53,924
Joseph Rogan,Joseph_Rogan6054@zorer.org,1917-04-21 14:05:06,40,925
Adalind Mullins,Adalind_Mullins7446@deavo.com,1960-05-19 17:55:20,32,926
Alison Allen,Alison_Allen1291@twipet.com,1836-05-15 14:02:34,34,927
Domenic Lynch,Domenic_Lynch7177@supunk.biz,1893-09-17 18:08:27,76,928
Rick Gosling,Rick_Gosling3221@qater.org,2007-06-07 18:57:31,74,929
Henry Clayton,Henry_Clayton7594@twace.org,1946-11-04 14:58:18,82,930
Destiny Blackwall,Destiny_Blackwall9110@nanoff.biz,1956-10-11 03:29:21,46,931
Owen Griffiths,Owen_Griffiths6290@joiniaa.com,1960-01-05 10:47:16,46,932
Caydence Mccormick,Caydence_Mccormick8909@fuliss.net,1825-04-05 11:23:34,79,933
Erick Tindall,Erick_Tindall6835@guentu.biz,1858-09-10 02:41:08,31,934
Aisha Myatt,Aisha_Myatt1913@naiker.biz,1932-04-12 13:15:20,53,935
Norah Weldon,Norah_Weldon9680@womeona.net,1853-05-23 01:37:53,30,936
Matthew Grey,Matthew_Grey6130@vetan.org,1839-10-23 19:46:44,36,937
Boris Appleton,Boris_Appleton1215@grannar.com,2005-08-15 01:18:06,54,938
Alan Richardson,Alan_Richardson1653@grannar.com,2006-11-22 02:50:09,76,939
Russel Gallacher,Russel_Gallacher9969@infotech44.tech,1830-06-28 09:00:34,74,940
Harriet Sinclair,Harriet_Sinclair1226@hourpy.biz,1913-06-27 03:34:24,67,941
Joseph Kent,Joseph_Kent4620@brety.org,2010-05-26 15:43:03,73,942
Ellen Matthews,Ellen_Matthews294@deons.tech,1849-10-14 21:39:08,59,943
Tyler Garcia,Tyler_Garcia4280@deavo.com,1943-10-10 16:54:20,25,944
Caleb Murphy,Caleb_Murphy5489@vetan.org,1895-09-20 21:19:15,20,945
Julius Tait,Julius_Tait9143@nimogy.biz,1971-08-18 03:28:01,73,946
Camellia Murphy,Camellia_Murphy9027@sveldo.biz,1831-11-22 00:05:44,27,947
Beatrice Wilton,Beatrice_Wilton9699@guentu.biz,1913-02-27 12:05:24,76,948
Harry Gibson,Harry_Gibson1119@atink.com,1984-06-16 02:47:43,96,949
Analise Grey,Analise_Grey6703@grannar.com,1881-10-18 02:31:26,63,950
Paula Rogers,Paula_Rogers1596@naiker.biz,1941-02-16 06:57:01,36,951
Leilani Michael,Leilani_Michael3075@irrepsy.com,2008-10-29 01:19:44,41,952
Elijah Thornton,Elijah_Thornton7949@muall.tech,1822-08-28 19:42:24,65,953
Julia Wright,Julia_Wright8719@gmail.com,1893-04-04 00:14:18,62,954
Charlize Fox,Charlize_Fox5064@brety.org,1896-04-17 03:35:12,68,955
Abdul Hall,Abdul_Hall1672@vetan.org,1849-04-08 11:46:29,82,956
Renee Radley,Renee_Radley4489@qater.org,1863-06-04 09:11:55,26,957
Felicity Cooper,Felicity_Cooper2146@bauros.biz,1983-01-19 09:50:03,40,958
Harmony Donnelly,Harmony_Donnelly8045@acrit.org,1943-04-10 05:28:15,36,959
Sharon Collingwood,Sharon_Collingwood5353@naiker.biz,2014-07-12 13:19:38,60,960
Cassandra Weston,Cassandra_Weston1045@nickia.com,1896-11-17 17:33:24,82,961
Goldie Thorne,Goldie_Thorne2222@bungar.biz,1919-03-17 00:44:05,37,962
Louise Dixon,Louise_Dixon7210@liret.org,1964-12-12 02:27:24,81,963
Gloria Martin,Gloria_Martin5346@ubusive.com,1998-12-22 13:24:07,97,964
Phillip Wren,Phillip_Wren4824@cispeto.com,1868-11-27 11:30:35,42,965
Rocco Crawley,Rocco_Crawley4144@womeona.net,1820-08-16 00:55:51,96,966
Anabel Fall,Anabel_Fall6419@grannar.com,1946-08-29 10:11:52,20,967
Mary Parker,Mary_Parker1242@gmail.com,1886-11-07 20:26:12,98,968
Harry Addis,Harry_Addis1246@qater.org,1902-05-09 19:46:00,44,969
Carmella Buckley,Carmella_Buckley1768@nimogy.biz,1936-10-22 11:24:54,89,970
John Gardner,John_Gardner5714@joiniaa.com,1880-09-11 04:06:02,34,971
Harry Sherwood,Harry_Sherwood9006@deavo.com,1957-04-19 09:01:46,29,972
Phillip Norman,Phillip_Norman5685@nanoff.biz,1865-05-24 02:26:25,83,973
Audrey Rogers,Audrey_Rogers3498@nanoff.biz,2013-05-25 22:17:42,62,974
Boris Davies,Boris_Davies8045@gembat.biz,1872-11-25 21:37:27,18,975
Rufus Parker,Rufus_Parker7861@deons.tech,1850-12-13 01:03:23,32,976
Joseph Stevens,Joseph_Stevens2420@supunk.biz,1946-12-12 01:21:42,78,977
Carissa Redfern,Carissa_Redfern2455@bungar.biz,1830-11-01 20:23:20,93,978
Julianna Clark,Julianna_Clark4183@iatim.tech,1883-05-16 19:42:15,19,979
Carter Vincent,Carter_Vincent5387@ubusive.com,1910-10-28 01:29:24,65,980
Logan Holmes,Logan_Holmes7242@twipet.com,1830-07-10 04:22:50,20,981
Johnathan Mooney,Johnathan_Mooney4757@bulaffy.com,1970-04-20 17:15:36,23,982
Florence Campbell,Florence_Campbell7035@zorer.org,1978-11-12 04:44:53,57,983
Lucas Howard,Lucas_Howard7664@brety.org,1956-10-13 12:15:07,65,984
Audrey Rose,Audrey_Rose2289@sheye.org,1858-11-13 05:25:37,66,985
Stephanie Hilton,Stephanie_Hilton3514@typill.biz,1985-12-01 11:12:50,59,986
Isabel Rixon,Isabel_Rixon3671@yahoo.com,1989-04-29 16:55:43,36,987
Marjorie Burge,Marjorie_Burge398@ovock.tech,1881-04-22 10:51:54,72,988
Hayden Robertson,Hayden_Robertson3176@typill.biz,1867-02-23 11:36:56,92,989
Erin Evans,Erin_Evans6148@bauros.biz,1954-07-05 00:30:11,94,990
Josephine Cork,Josephine_Cork4024@supunk.biz,1850-11-11 14:50:23,59,991
Rick Walsh,Rick_Walsh1944@bungar.biz,1829-08-15 07:09:32,82,992
Margot Howard,Margot_Howard8332@yahoo.com,1990-06-20 03:31:17,41,993
Doug Lane,Doug_Lane9965@tonsy.org,1877-06-15 02:42:54,71,994
Mason Bullock,Mason_Bullock4612@grannar.com,1935-10-11 01:11:40,74,995
Holly Shea,Holly_Shea4107@mafthy.com,1895-04-07 07:50:21,62,996
Barney Pearce,Barney_Pearce1096@gembat.biz,1896-07-30 21:16:58,71,997
Logan Brooks,Logan_Brooks9025@tonsy.org,1954-02-19 20:30:16,55,998
Helen Tanner,Helen_Tanner6041@bungar.biz,1910-03-01 00:15:23,85,999
Mackenzie Jarvis,Mackenzie_Jarvis3852@iatim.tech,1923-07-01 02:06:15,32,1000